holder_id,holder_name
1,MEDISSEN SDN. BHD.
2,1 DOC MEDICAL GROUP SDN. BHD.
3,123 LIVE MALL MALAYSIA SDN. BHD.
4,1991 WELLNESS GLOBAL SDN. BHD.
5,2 Wise Men Empire
6,26 Beaute Saloon
7,26 GREENTECH VENTURES
8,30 MAPLE SDN. BHD.
9,3AM MANUFACTURING SDN. BHD.
10,3P CELL SDN. BHD.
11,3PRHYME Global Sdn Bhd
12,4 FIT TRADING
13,4U2 Cosmetic (malaysia) Sdn Bhd
14,9 SECRETS BEAUTY
15,9 SKIN BEAUTY SDN. BHD.
16,9 STAR ENTERPRISE (M) SDN. BHD.
17,A & C ONLINE SDN. BHD.
18,A DIANA COLLECTION
19,A LEGEND BRANDING SDN. BHD.
20,A PACK PERSONAL CARE SDN BHD
21,A PLUS ONE SDN BHD
22,A&K SOLUTIONS
23,A. MENARINI SINGAPORE PTE. LTD.
24,A2 WAX SDN. BHD.
25,A4S GLOBAL MALAYSIA SDN. BHD.
26,AA ALIVE SDN BHD
27,AA BZA RICHER SDN. BHD.
28,AA MEGA LEGACY
29,AARIANA MAKEUP BEAUTY & STUDIO
30,ABEAUTE SDN. BHD.
31,ABNER BEAUTY
32,ABUYOUSEF MARKETING
33,ABYRA STAR EMPIRE
34,ACCESS BRAND MANAGEMENT (MALAYSIA) SDN. BHD.
35,ACE COSMETICS SDN. BHD.
36,ACE21 SDN. BHD.
37,ACTIVEPLUS LABORATORY
38,ADA COSMETICS INTERNATIONAL SDN. BHD.
39,ADEVA HAIR CARE TRADING
40,ADONIS BEAUTY CONSULTANTS SDN. BHD.
41,ADORE MELL HEALTH & BEAUTY
42,ADSENTIAL SDN. BHD.
43,ADVANCED AESTHETIC ASIA ACADEMY (M) SDN. BHD.
44,AEIRE COSMETIC ENTERPRISE
45,AEMI TRADING SDN. BHD.
46,AEON CO. (M) BHD.
47,AESD INTERNATIONAL (M) SDN. BHD.
48,AESIRA GRACE PERKONGSIAN LIABILITI TERHAD
49,AESSENCE SHAH ALAM SDN. BHD.
50,AESTHETIC SKIN CONCEPT SDN BHD
51,AESTHETICS MARKETING ASIA SDN BHD
52,AESTRA HOLDINGS SDN. BHD.
53,AETAS AESTHETICS SDN. BHD.
54,AF MANUFACTURING SERVICES SDN. BHD.
55,AF TUMBUH TEGUH TRADING
56,AFRINA FA GROUP SDN BHD
57,AI&MI SDN. BHD.
58,AIAI HAIR AND BEAUTY (M) SDN. BHD.
59,AIINUR GLOBAL EMPIRE
60,AILEZEE EMPIRE
61,AILEZEE RICH SDN BHD
62,AIM-DEMASUCO (M) SDN. BHD.
63,AIME BLP BEAUTECARE
64,AIREE BEAUTY CARE
65,AIVE WIN ENTERPRISE
66,AIVORIA GROUP SDN. BHD.
67,AJ RESEARCH & PHARMA SDN. BHD.
68,AKARDYA TECHNOLOGY
69,AKAS LEGACY SDN BHD
70,AKLINIK SDN. BHD.
71,AL MAQUL SDN. BHD.
72,AL NABIL SDN. BHD.
73,AL-MESWAK MU'MIN SDN BHD
74,ALAMAL TRADING SDN. BHD.
75,ALAYNA AURA NIAGA SDN. BHD.
76,ALFAPEN SDN BHD
77,ALFAT GLOBAL SDN. BHD.
78,ALHA ALFA RICH LEGACY SDN.BHD.
79,ALJ TRADING MALAYSIA SDN. BHD.
80,ALL WEALTH BEAUTY CONCEPT SDN BHD
81,ALLIANCE COSMETICS SDN. BHD.
82,ALLIANCE INTEGRITY TRADING SDN. BHD.
83,ALLUORA SDN. BHD.
84,ALMAN SHIRAZ ENTERPRISE
85,ALMAS TRADING SDN. BHD.
86,ALME NIAGA SDN BHD
87,ALMYRA BEAUTY SOLUTIONS
88,ALORIE HOSPITALITY SDN BHD
89,ALPHANUTRITION WELLNESS SDN. BHD
90,ALWAYS YOUNG DERMAL SOLUTIONS PLT
91,ALYAN VENTURE RESOURCES
92,AMA COSMECEUTICAL
93,AMAL KONSORTIUM SDN. BHD.
94,AMAZING 31 TRADING
95,AMBER ASPIRE SDN. BHD.
96,AMG Wellness Sdn. Bhd.
97,AMLION TOOTHPASTE MFG. SDN. BHD.
98,AMOREPACIFIC MALAYSIA SDN. BHD.
99,AMOUAGE SDN. BHD.
100,AMR OUTLET
101,AMWAY (MALAYSIA) SDN. BHD.
102,AMYLEA GROUP SDN. BHD.
103,ANAIKA COLLECTIONS SDN BHD
104,ANAKKU SDN BHD
105,ANBEV ENTERPRISE
106,ANCIENT GARDENS SDN. BHD.
107,ANGEL PERFECT SDN. BHD.
108,ANGELS BEAUTY CARE
109,ANIQA WOW BEAUTY
110,ANIS BEAUTY COSMETICS
111,ANITA FRAGRANCE COSMETIC LABORATORY
112,ANNAS EASKEY EMPIRE SDN BHD
113,ANSARCOMP IOR SOLUTIONS (M) SDN. BHD.
114,ANV MONITEL SDN. BHD.
115,AONE CARE MARKETING
116,AP COSMETICS CORPORATION SDN. BHD.
117,AP LIN TRADING SDN BHD
118,APAK EMPIRE PRODUCTION SDN. BHD.
119,APD Pharma Sdn. Bhd.
120,APEX CLINIC SDN. BHD.
121,APEX COSMECEUTICAL TECHNOLOGY SDN. BHD.
122,APEX PHARMACY MARKETING SDN. BHD.
123,APR MALAYSIA SDN. BHD.
124,APRIL TWENTY TWO SDN. BHD
125,APRIL WAXING AESTHETIC SDN. BHD.
126,ARABIAN OUD SDN BHD
127,ARADA MARKETING
128,ARCADIA RESOURCES (M) SDN. BHD.
129,ARCH TRADING & DISTRIBUTION (M) SDN. BHD.
130,AREANA MARKETING
131,ARIA COSMETICS SDN. BHD.
132,ARICIO (M) SDN BHD
133,ARMILA BERHAD
134,ARO SPRING SDN. BHD.
135,ARQON MEDTECH SDN. BHD.
136,ARRAYA ONLINE ENTERPRISE
137,ARRIANA ROSE BEAUTY RESOURCES
138,ARSOA CORPORATION SDN. BHD.
139,ARVEBE TRADING SDN. BHD.
140,ARVIRICH SDN. BHD.
141,ARZT GROW
142,AS MARKETING EMPIRE
143,AS SHAMALAH HEAVY GLOBAL
144,ASAYAMA FAMILY CLUB SDN. BHD.
145,ASCEN PLUS PHARMACY SDN. BHD.
146,ASCEND 1 SDN BHD
147,ASCEND 1 UNIVERSAL HOLDINGS SDN. BHD.
148,ASIA BEAUTY ART SDN. BHD.
149,ASIA HEALTHCARE SDN. BHD.
150,ASIA MASTER TRADE SDN. BHD.
151,ASIABEAUTY (M) SDN. BHD.
152,ASIALUSH SDN. BHD. 
153,ASIAN BEAUTY CORNER SDN. BHD.
154,ASIANA SYNERGY
155,ASL INSPIRATIONS SDN. BHD.
156,ASLEYA SDN BHD 
157,ASPIRA CREATION SDN. BHD.
158,ASS BEAUTY ENTERPRISE
159,ASTANA BIOCARE SDN BHD
160,ASTERTIX RESOURCES
161,ASYUK MAJU ENTERPRISE
162,ATHNAN N SDN. BHD.
163,ATIRA MOHD ENTERPRISE
164,ATOMY MALAYSIA SDN. BHD.
165,ATSON SCIENCE SDN BHD
166,AUDREY MAKE UP STUDIO
167,AUGUST 17 NETWORK
168,AURA GORGEOUS BEAUTY & HEALTHY
169,AURA KASIH EMPAYAR SDN BHD
170,AURA MARKETING SDN. BHD.
171,AURELPARFUMS SDN. BHD.
172,AURORA HEALTH SDN BHD
173,AUSFA BERKAT ENTERPRISE
174,AUTON BIOTECH SDN. BHD.
175,AVAIL BEAUTY SDN BHD
176,AVANTCOM INTERNATIONAL SDN. BHD.
177,AVENISS BEAUTE (M) SDN BHD
178,AVENYS MALAYSIA SDN BHD
179,AVEROSSE TRADING
180,AVICENNA 88 ENTERPRISE
181,AVON COSMETICS (MALAYSIA) SENDIRIAN BERHAD
182,AXELTRADE RESOURCES PLT
183,AXIOMA BIOTECH SDN. BHD.
184,AXIS ONE DESIGN
185,AY & NR ENTERPRISE
186,AYUR CENTRE SDN. BHD.
187,AYUR V AYURVEDIC HAIR & BEAUTY CARE
188,AYURGRADE ENTERPRISE
189,AZ LAB SDN. BHD.
190,AZARUL AISHAH ENTERPRISE
191,AZTIE RESOURCES SDN BHD
192,AZURE IS BLUE SDN. BHD.
193,Ace Organic Ashitaba Sdn Bhd
194,Achima Skincare Sdn Bhd
195,Advanced Apotheke Sdn Bhd
196,Aesop Malaysia Sdn. Bhd.
197,Aesthetic Leader Sdn Bhd
198,Aesthetics Distributor (M) Sdn Bhd
199,Aglow Dermacare Sdn. Bhd.
200,Ai Li Si Beauty Enterprise
201,Airis Spa Cosmetic
202,Al Resalah Enterprise
203,Al Rizq Tawakal Enterprise
204,Alias Beauty Art Sdn Bhd
205,Almaz Marketing Sdn. Bhd.
206,Alpha Bio Medic (M) Sdn Bhd
207,Am Style Boutique Sdn. Bhd.
208,Amlion Personal Care Mfg Sdn Bhd
209,Ampersand Aesthetics Sdn. Bhd.
210,Angelnny Beauty & Make Up Academy Sdn. Bhd.
211,Ap Hair & Beauty Supplier Sdn Bhd
212,Aqualabs International (m) Sdn Bhd
213,Aroma La Vida Sdn Bhd
214,Aromalogy Sdn Bhd
215,Artist Academy
216,Asia Herbal Biotech Sdn Bhd
217,Asia5b Sdn Bhd
218,Aspen Medical Products Malaysia Sdn Bhd
219,Athena Partners Sdn. Bhd.
220,Aura Indah Jaya Sdn Bhd
221,Aura One Resources
222,Aurora International Sdn. Bhd.
223,Autologous Cellular Therapeutics Sdn. Bhd.
224,B MEDIC BIOTECH SDN. BHD. 
225,B ORGANIC SDN BHD
226,B-BEAUTY HOLDINGS SDN. BHD.
227,B.BRAUN MEDICAL INDUSTRIES SDN. BHD.
228,BABY PRIVATE BRANDS SDN. BHD.
229,BABYLOVE (M) SDN BHD
230,BAKHACHE LUXURIES (M) SDN. BHD.
231,BALANCE LIFE SDN. BHD.
232,BAO FU LING GLOBAL ENTERPRISE SDN. BHD.
233,BARONET HOLDINGS (M) SDN. BHD.
234,BAVY ENTERPRISE
235,BAWEI GLOBAL SDN. NHD.
236,BBLAB MALAYSIA ENTERPRISE
237,BDS GLOBAL MARKETING SDN. BHD.
238,BE BEAUTE SDN. BHD.
239,BE FLAWLESS HQ MARKETING
240,BEAU IMAGE TRADING
241,BEAU LINE COSMETICS
242,BEAU-TECH ENTERPRISE SDN BHD
243,BEAUBELLE ASIA-PACIFIC SDN BHD
244,BEAUDC SDN BHD
245,BEAUTE DE IMAGE
246,BEAUTE FACTOR SKINCARE
247,BEAUTE MORI SDN BHD
248,BEAUTECH LINK (M) SDN. BHD.
249,BEAUTIFUL SKIN LDS SDN. BHD.
250,BEAUTIFY EMPIRE
251,BEAUTY EDGE SDN. BHD.
252,BEAUTY EXPRESS SKIN TREATMENT & SLIMMING SDN. BHD.
253,BEAUTY HIGH POINT SDN. BHD.
254,BEAUTY HORIZON ENTERPRISE
255,BEAUTY IN MOTION SDN. BHD.
256,BEAUTY INN CENTRE
257,BEAUTY LINE SKINCARE & COSMETIC SDN BHD
258,BEAUTY MART WORLD
259,BEAUTY MUSLIMAH EMPIRE
260,BEAUTY WORLD
261,BEAUTY WORLD SKIN RESEARCH
262,BEAUTYMATE SDN. BHD.
263,BEBITA GROUP SDN. BHD.
264,BEIERSDORF (MALAYSIA) SDN. BHD.
265,BELLA B BELLO SDN BHD
266,BELLA MEDISPA SDN. BHD.
267,BELLANASZ  BEAUTY 
268,BELLAPHEA ENTERPRISE
269,BELLCO BEAUTY SPA
270,BELLE NATURE BEAUTY AND CARE
271,BELLESENZE MARKETING
272,BELOVED NATURAL SKINCARE SDN.BHD.
273,BENUA MUHIBAH ENTERPRISE
274,BESKIN BEAUTE LAB INTL SDN. BHD.
275,BEST BEYOND MARKETING ( EM ) SDN.BHD.
276,BEST COSMETICS LABORATORIES SDN. BHD.
277,BETIME MARKETING SDN. BHD.
278,BEWONDER HOLDING SDN. BHD.
279,BEY AESTHETICS SDN. BHD.
280,BGH DISTRIBUTION SDN. BHD.
281,BIANCO LABO SDN BHD
282,BIEY BEAUTY RESOURCES
283,BIG SHINE ENERGY MALAYSIA SDN. BHD.
284,BILLION SYNERGY SDN. BHD.
285,BIO BOTANA INTERNATIONAL SDN. BHD.
286,BIO CLEAN SUPPLY SDN. BHD.
287,BIO LIFE NEUTRACEUTICALS SDN. BHD.
288,BIO TAJMEEL COSMECEUTICAL SDN BHD
289,BIO-JOURDENESS COSMETIC CO. (MY) SDN BHD
290,BIO-PHARMACEUTICALS SDN. BHD.
291,BIOASIA WORLDWIDE SDN. BHD.
292,BIOEST SDN. BHD.
293,BIONION SDN BHD
294,BIORISM HOLDINGS SDN. BHD.
295,BIOSSENTIALS SDN. BHD.
296,BIOSYS COSMETICS SDN. BHD.
297,BIOTECH FUSION SDN BHD
298,BK INTERNATIONAL SDN. BHD.
299,BL MIRA VENTURES
300,BLEE BEAUTY ENTERPRISE
301,BLIANS GROUP ENTERPRISE
302,BLUACE SDN.BHD.
303,BLUE APPLE COSMETICS (M) SDN BHD
304,BLUE CHIP GROUP (M) SDN BHD
305,BLUE ORIGIN SUPPLY CHAIN SDN. BHD.
306,BLUE WELL SDN BHD
307,BMI CORPORATION SDN. BHD.
308,BNEW SKIN ENTERPRISE
309,BODIBASIXS MANUFACTURING SDN. BHD.
310,BOLMASZ BEAUTY & COLLECTIONS
311,BONIQ MALAYSIA SDN. BHD.
312,BORNEO RICH SUPPLIER
313,BOTREM HEALTHCARE SDN.BHD.
314,BP NETWORK SDN. BHD.
315,BRANDS PRO MANAGEMENT SDN. BHD.
316,BRIEA BEAUTY RESOURCES
317,BRIGHT BEAUTY AND COSMETICS 
318,BRIGHT DIVA SDN. BHD.
319,BRILL INTERNATIONAL MALAYSIA SDN. BHD.
320,BRILLIANT GLOBAL TRADING
321,BRILLIANT SKIN ESSENTIALS TRADING
322,BRILLIANT SKIN ESSENTIALS TRADING MALAYSIA SDN. BHD.
323,BRITNEY CJ STUDIO BEAUTY
324,BROADCARE SDN. BHD.
325,BROWNSKIN BEAUTE TRADING
326,BU YAO HAIR BEAUTY SDN. BHD.
327,BUBBLE GUM X SDN. BHD.
328,BUBBLES BEAUTY LAB
329,BUENO PROFESSIONAL HAIR & BEAUTY SDN. BHD. 
330,BULKINGS DISTRIBUTION (M) SDN. BHD.
331,BYSAL INTERNATIONAL SDN. BHD.
332,BYSHEILANAN ENTERPRISE
333,Beauever Expert Sdn. Bhd.
334,Beaurev Global Sdn Bhd
335,Beaute Method Group Enterprise
336,Beaute Sdn Bhd
337,Beautility Marketing Agency (m) Sdn Bhd
338,Beauty Effect Store Sdn. Bhd.
339,Beautypedia Sdn. Bhd.
340,Bella Systems Sdn Bhd
341,Belle & Rose Beauty Wellness Sdn Bhd
342,Best Formula Industries
343,Best Made Pharmaceutical Sdn. Bhd.
344,Bevin Beaute Marketing
345,Bilu Metys Cosmetic Sdn Bhd
346,Bio Harvest Sdn. Bhd.
347,Bioaesthetech  Sdn.bhd
348,Biofizz Marketing Sdn Bhd
349,Bliss Scent (m) Sdn Bhd
350,C CUT MANAGEMENT SERVICES SDN. BHD.
351,C Energys World
352,C H TANG SDN. BHD.
353,C TREND MARKETING (M) SDN. BHD.
354,C&E (MY DISTRIBUTION) SDN. BHD.
355,C.A.B HAIR COLLECTION SDN. BHD.
356,C.Michael International Sdn. Bhd.
357,CALDBECK MACGREGOR (MALAYSIA) SDN BHD
358,CALVIN PROFESSIONAL BEAUTY & SKIN TREATMENT CENTRE
359,CAMBERT(M) SDN. BHD.
360,CAMMER INDUSTRIES SDN BHD
361,CANDYSS BEAUTY HOUSE
362,CANSUN GLOBALS SDN. BHD.
363,CANTIKSAMA ANTARABANGSA SDN. BHD.
364,CANWELL BEAU-SYSTEM SDN BHD
365,CARE4U SDN. BHD.
366,CARELIKA (MALAYSIA) SDN. BHD.
367,CARELLA BEAUTY PARLOUR
368,CAREMAXPHARMA SDN BHD
369,CARIKU RESOURCES SDN. BHD.
370,CARING PHARMACY RETAIL MANAGEMENT SDN. BHD.
371,CARLGAN ENTERPRISE
372,CAROLQ
373,CASARY BEAUTY
374,CASVIRO HEALTH & BEAUTY
375,CBB BEAUTYWISE GLOBAL
376,CBL ECOMMERCE ENTERPRISE
377,CBRANDS SDN. BHD.
378,CE INTERBEAUTY MARKETING
379,CEDAR WELLNESS SDN BHD
380,CEL-ELEMENTS HOLDINGS (M) SDN BHD
381,CELES GLOBAL SDN. BHD.
382,CELL BIOLOGICS SDN BHD
383,CELLCOSMO SWITZERLAND SDN BHD
384,CELLGEN LIFESCIENCES (M) SDN. BHD.
385,CELLMULA ADVANCED AESTHETIC TECHNOLOGY
386,CELLNIQUE PARAMEDICAL SDN. BHD.
387,CELMONZE SDN. BHD.
388,CENTRAC SDN. BHD.
389,CHAN YONG TRADING
390,CHANEL (KUALA LUMPUR) SDN. BHD.
391,CHARMCE SKIN CENTER
392,CHEERFUL MARKETING SDN. BHD.
393,CHITRAS BEAUTY & BRIDAL ACADEMY
394,CHRISZEN MALAYSIA SDN. BHD.
395,CHUA SKIN AESTHETIC CENTRE
396,CJ BEAUTY MARKETING SDN BHD
397,CL COSMETIC INDUSTRIES SDN. BHD.
398,CL TRILLION SDN BHD
399,CLA MEDICAL SDN. BHD.
400,CLA MER INFINITY COSMETIC
401,CLAIRE BEAUTY GLOBAL VENTURE
402,CLARINS SDN. BHD.
403,CLARITY COMMERCE SDN BHD
404,CLASS BEAUTY SUPPLIER SDN BHD
405,CLASSIC BEAUTY TOUCH STUDIO
406,CLEANWAVE INTERNATIONAL SDN. BHD.
407,CLEF MARKETING SDN. BHD.
408,CLEMIRA GROUP TRADING
409,CLIFF AND MAX ENTERPRISE
410,CLINCEL AESTHETICS BEAUTY MARKETING SDN. BHD
411,CLIQUE PROFESSIONAL SDN BHD
412,CLK Distribution Sdn Bhd
413,CNI ENTERPRISE (M) SDN. BHD.
414,CO-A PROMOTION SDN. BHD.
415,COCONICS SDN. BHD.
416,COLOUR VIBRATION THERAPY SDN. BHD.
417,CONCEPTUAL BEAUTY SDN BHD
418,COSCOLAB SDN. BHD.
419,COSI TRADING (M) SDN. BHD.
420,COSMECNIQUE BEAUTY GALLERY SDN. BHD.
421,COSMEDICIAN AP ENTERPRISE
422,COSMETICS REFILLING & PACKAGING SDN. BHD. 
423,COSMO ONLINE COSMETICS (M) SDN. BHD.
424,COSMOGALA RESOURCES SDN.BHD.
425,COSMYTHS PHARMACEUTICALS SDN BHD
426,COSPHARM ENTERPRISE
427,COSWORLD BEAUTE WELLNESS
428,COTY INT MALAYSIA SDN. BHD.
429,COUNTRY FARMS SDN. BHD.
430,CPG COSMETIC
431,CR ORGANICS AUSTRALIA ENTERPRISE
432,CRAFT INTERNATIONALS GROUP SDN. BHD.
433,CREA MALAYSIA SDN. BHD.
434,CREATE HUB (M) SDN BHD
435,CRISTELE COSMETICS SDN. BHD.
436,CRYSTALLITE TRADING
437,CS12 BEAUTY INTERNATIONAL SDN BHD
438,CSL BEAUTY ENTERPRISE
439,CT 8 TRADING
440,CU MEDI HOLDINGS SDN. BHD. 
441,CUBRE MI SDN. BHD.
442,CUCKOO INTERNATIONAL (MAL) SDN. BHD.
443,CYC BEAUTY CHOOSE MARKETING
444,CYLIN COSMETIC SDN. BHD.
445,Cansun Cosme Sdn. Bhd.
446,Caremore Personal Care (M) Sdn. Bhd.
447,Carepro Marketing Sdn. Bhd.
448,Cason Group Sdn. Bhd.
449,Casseree France Sdn Bhd
450,Cavico (M) Sdn Bhd
451,Centureon Technology Group PLT
452,Cheng Xiong Hair Saloon Supplier
453,Citraria Health & Cosmetics Marketing Sdn. Bhd.
454,Claire Organics
455,Classicor Trading
456,Colgate-Palmolive (Marketing) Sdn Bhd
457,Cosderm Sdn Bhd
458,Cosette 203 Enterprise
459,Cosmeceutical Concept Sdn. Bhd.
460,Cosmos Beauty Sdn. Bhd.
461,Creamora HQ Global
462,Cyren Marketing Sdn Bhd
463,D AINS BEAUTY EMPIRE SDN. BHD
464,D AMAN KOSMETIK & ENTERPRISE
465,D ROSES COLLECTION & BEAUTY RESOURCES
466,DAISY PRODUCT MARKETING SDN. BHD.
467,DANNY HAIR ACADEMY SDN. BHD.
468,DANZ GROUP (MALAYSIA) SDN. BHD.
469,DATTA SHREE SDN. BHD.
470,DAZZLING TRADING SDN.  BHD.
471,DBOTAVA BEAUTY
472,DCH AURIGA (MALAYSIA) SDN. BHD.
473,DE BEAUTY GARDEN CONCEPTS
474,DE BELLA BEAUTY SALON
475,DE COSMECEUTICAL SDN. BHD.
476,DE COSMETICS MALAYSIA SDN BHD
477,DE HAIR & BEAUTY ENTERPRISE
478,DE ILHAM ENTERPRISE
479,DE ORTUS SDN. BHD.
480,DE VINCE TRADING
481,DEANNE TRADING SDN. BHD.
482,DEAR PETAL SDN BHD
483,DEBBIE NG YOKE CHING
484,DECHO SDN. BHD.
485,DEEDAA SHOP
486,DEFACTO RETAIL (MALAYSIA) SDN BHD
487,DELCOL INDUSTRIES (M) SDN BHD
488,DELFI MARKETING SDN.BHD.
489,DELPHIN SDN BHD
490,DENZEL SERVICES GROUP SDN. BHD.
491,DEPCO UNITED SDN.  BHD.
492,DERMAC INTERNATIONAL SDN BHD
493,DERMAGENIX LABS SDN. BHD.
494,DERMAJASS SDN BHD
495,DERMAL ESSENCE (M) SDN. BHD.
496,DERMALITE SDN BHD
497,DERMAMEDPLUS PERSONAL CARE
498,DERMARYN ENTERPRISE
499,DERMATICS SKIN HEALTH SDN BHD
500,DERMIQUE COSMECEUTICALS SDN BHD
501,DESANGEL SDN. BHD.
502,DESHA ENTERPRISE
503,DESS PERFUME SDN. BHD.
504,DEVISA SKINPHOREA SKINCARE
505,DFACE HEALTHCARE SDN. BHD.
506,DHILEESA BEAUTY CENTRE
507,DIAMOND LOOK GROUP BUSINESS
508,DIAN BERKAT ENTERPRISE 
509,DIAN YA ENTERPRISE
510,DIANA BEAUTY SALON
511,DIARRA SDN. BHD.
512,DIGITAL CROWN HOLDINGS SDN. BHD.
513,DIMENSI MODA SDN BHD
514,DIONE HEALTHCARE HOLDINGS MALAYSIA SDN. BHD.
515,DIRRAN ORGANIC SDN. BHD.
516,DIVERSEY (MALAYSIA) SDN. BHD.
517,DIVERSIFIED TEAM SDN. BHD.
518,DKD SMART ENTERPRISE
519,DKSH MALAYSIA SDN. BHD.
520,DM BEAUTY RESOURCES
521,DMI PREMIER SDN BHD
522,DML EMPIRE
523,DMM COSME MARKETING
524,DMS MEDHEALTH PLT
525,DNG WORLDWIDE SDN. BHD.
526,DNO WELLNESS SDN. BHD.
527,DOMAIN BEAUTY MAKE
528,DOTERRA MALAYSIA SDN. BHD.
529,DPC COSMETIC SDN. BHD.
530,DR ORIZI (M) SDN. BHD.
531,DR VIN LIFE GLOBAL
532,DR. ARIEL CHANG CLINIC SDN BHD
533,DR. CUTE INTERNATIONAL SDN. BHD.
534,DR. WOLFF MALAYSIA TRADING SDN. BHD.
535,DR.GLOW MEDISPA SDN. BHD.
536,DRAGON GINSENG ENTERPRISE SDN BHD
537,DRI`N GUARD SDN. BHD.
538,DRSK SKINCARE VENTURES
539,DTS SKINCARE  INDUSTRIES  SDN.BHD
540,DUA BEAUTY SDN. BHD. 
541,DUCHESS MERCANTILES SDN. BHD.
542,DUNIA HERBS SALES & MARKETING SDN BHD
543,DXN INDUSTRIES (M) SDN. BHD.
544,DYNACOSMOS CARE PRODUCTS SDN. BHD.
545,DYXY INTERNATIONAL SDN BHD
546,DZ SMART LAB SDN.BHD.
547,D`HERBS HOLDINGS (M) SDN BHD
548,De Blanc Advance Dermatology (ap) Sdn Bhd
549,De Deux Cosmetics Sdn Bhd
550,De Formulated Lab Sdn Bhd
551,De Perle Sdn. Bhd.
552,Deacon Medical Sdn Bhd
553,Decathlon Malaysia Sdn Bhd 
554,Defe Marketing SDN. BHD.
555,Delta Medisains (m) Sdn Bhd
556,Deluv Sdn. Bhd. 
557,Denz Technology Sdn Bhd
558,Dermaclinique Sdn Bhd
559,Dermal Sanctuary Beauty & Treatment Salon
560,Devon Laboratories M Sdn. Bhd.
561,Dfino Gallery Sdn Bhd
562,Doclab Global Sdn. Bhd.
563,Dr Foerster (M) Sdn. Bhd.
564,Dry Cut Sdn Bhd
565,E & S ESPRIT SDN BHD
566,E HEALTH SDN. BHD.
567,E SKIN MARKETING
568,E-YI MYSTERY BEAUTY
569,EAM MEDICO SDN. BHD.
570,EAMAS HAIR & BEAUTY SALON SDN BHD
571,EASTERN COSMECEUTICAL
572,EASTREET TRADER CORPORATION SDN. BHD.
573,EC SKIN LASER AESTHETIC SDN. BHD.
574,ECO FORMULARY SDN. BHD.
575,ECO GENESIS HOLDINGS
576,ECO UPS SDN. BHD.
577,ECO-SHOP MARKETING SDN. BHD.
578,ECOBEAUTE MALAYSIA SDN. BHD.
579,ECOPILLO MARKETING
580,ECOPILLO SDN. BHD.
581,EDARAN PENMED SDN BHD
582,EDEA COSMO HUB
583,EDELSTEEN SDN.BHD
584,EDEN ENTITY SDN BHD
585,EGAN DERMACEUTICALS SDN. BHD.
586,EGO PHARM MALAYSIA SDN. BHD.
587,EIG DERMAL WELLNESS (M) SDN. BHD.
588,EIG Haircare Sdn Bhd
589,EIG PHARMA ASIA SDN. BHD.
590,EIGHT STAR ENTERPRISE
591,EIGHTY EIGHT WELLNESS ENTERPRISE
592,EJ DERMA TECHNOLOGY SENDIRIAN BERHAD
593,EK BEAUTY & HAIRCARE TRADING
594,EL PROFESSIONAL HAIR STUDIO SDN BHD
595,ELANDRA EMERALD ENTERPRISE 
596,ELEBEAUT DISTRIBUTION VENTURES
597,ELEGANT WORLD (M) SDN. BHD.
598,ELEMENSIVE MANUFACTURE ENTERPRISE
599,ELFA EMPIRE GROUP CO
600,ELFARRA BEAUTY 
601,ELISSES OEM SDN BHD
602,ELLEVANA ENTERPRISE
603,ELLIS SDN. BHD.
604,ELPHIDOS SDN. BHD.
605,ELQUEST MEDIDENT SDN. BHD.
606,ELTEAN INCORPORATED SDN. BHD.
607,EMILYZ BEAUTY
608,EMORAT (M) SDN. BHD.
609,EMP SOLUTION SDN. BHD.
610,EMPAYAR DNZ LEGACY TRADING
611,EMPOWER GREEN SDN. BHD.
612,EMPRESSLY RESOURCES SDN. BHD.
613,EN COMPASS SDN. BHD.
614,ENAI RED CHILLIE MARKETING
615,ENDULGENCE - SANCTUARY OF THE SENSES SDN. BHD.
616,ENHANCE DENTAL GROUP SDN BHD
617,ENIQ WORLD SDN. BHD.
618,ENVICO ENTERPRISES SDN. BHD.
619,EPEMAS SDN. BHD. 
620,EPI DERMA FORMULATION SDN. BHD.
621,EPICHAMP SDN. BHD.
622,ER GLOBAL VISION
623,ERA HEALTH CARE SDN. BHD.
624,ERICAN MARKETING (M) SDN BHD
625,ERITA GROUP SDN. BHD.
626,ES BEAUTICIANS SEASON SDN. BHD.
627,ES BEAUTY MARKETING
628,ESABIL BEAUTY SDN. BHD.
629,ESELON SDN BHD
630,ESHA ES BEAUTY
631,ESSANDO BEAUTY SDN. BHD.
632,ESSENCE VALE ENTERPRISE SDN BHD
633,ESSENTIAL E SDN. BHD.
634,ESSENTIAL IMAGE SDN. BHD.
635,EST ONE SDN. BHD.
636,ESTEE LAUDER MALAYSIA SDN. BHD.
637,ESTETIKA MEDISPA SDN. BHD.
638,ESTHECOSME (M) SDN. BHD.
639,ESTHETICS SANCTUARY SDN BHD
640,ESW GLOBAL GROUP SDN. BHD.
641,ETA HEALTH & BEAUTY SDN. BHD.
642,ETERNITY BEAUTY MARKETING ENTERPRISE
643,ETHYE SDN. BHD.
644,EU BEAUTY SKINTECH
645,EU CONCEPT
646,EVAPHARM SDN. BHD.
647,EVERETT BEAUTY
648,EVERGREEN HAIR & BEAUTY SDN. BHD.
649,EVERSHINE BEAUTY SDN. BHD.
650,EVONIZ COSMETIC INDUSTRIES
651,EVYAP SABUN MALAYSIA SDN BHD
652,EWENCE BIO-TECH RESOURCES SDN BHD
653,EXCEL BEAUTY SOLUTION SDN BHD
654,EXCELLENT COMBINATION SDN. BHD.
655,EXTRA EXCEL (MALAYSIA) SDN. BHD.
656,EYRA SOMIA COSMETIC GLOBAL
657,EZ GLOBAL EMPIRE
658,Eastern Biotech Resources Sdn Bhd
659,Easydo Excellent Sdn. Bhd.
660,Ecolex Sdn Bhd
661,Edaran Medicaltech (M) Sdn Bhd
662,Elogio Asia Pacific Sdn. Bhd.
663,Emax Beaute International Sdn Bhd
664,Eramas Marketing (SEA) Sdn Bhd
665,Estria Beaute Plant Sdn. Bhd.
666,Eternal Wellness Sdn Bhd
667,Eternity Creative Sdn. Bhd.
668,Evolution E Mall Sdn. Bhd.
669,F T SERVICES AND DISTRIBUTION SDN. BHD.
670,F2F ORGANICS SDN. BHD.
671,FABINDO MALAYSIA SDN. BHD.
672,FACE CLEANSING BAR SDN. BHD.
673,FACE LINE AESTHETIC BEAUTY
674,FACOMO SDN. BHD.
675,FAIZA AR ENTERPRISE 
676,FANGRUI BIOTECHNOLOGY SDN. BHD.
677,FAR COSMETICS SDN. BHD
678,FAR ENERGY MALAYSIA SDN. BHD.
679,FARAH BEAUTY COSMETIC
680,FARMASI AURORA
681,FARRA SECRET BEAUTY SDN. BHD.
682,FASHION INDEX SDN. BHD.
683,FASS BIOTECH SDN. BHD.
684,FASYEERA EMPIRE SDN. BHD.
685,FAUZAN EMPIRE SDN.BHD.
686,FAZSFAOZI ENTERPRISE
687,FEEL HAIR & SKIN CARE
688,FEEL IT MARKETING
689,FEMININE CARE ENTERPRISE
690,FEREENA BEAUTY & HEALTH SDN BHD
691,FH2W SOLUTIONS SDN. BHD.
692,FIDA RAMLI LEGACY SDN. BHD.
693,FIDZ  Enterprise
694,FIFFY Sdn. Bhd.
695,FINE TODAY MALAYSIA SDN. BHD.
696,FINGERTOUCHE SDN. BHD.
697,FJ BENJAMIN (M) SDN. BHD.
698,FLASHH SKINZZ BEAUTY TRADING
699,FLEXI PLAST SDN. BHD.
700,FLOOBOXES SDN. BHD.
701,FMC GREENLAND SDN. BHD.
702,FOLIO ESSENCE SDN BHD
703,FOODICT MAKER SDN. BHD.
704,FORDAYS JAPAN INTERNATIONAL SDN. BHD.
705,FORESIGHT SUPPLY TRADING
706,FOREVER LIVING PRODUCTS (M) SDN. BHD.
707,FORNO FORMA SHOP
708,FRANEVYNS BEAUTE INTERNATIONAL SDN.BHD.
709,FRANKINCENSE ESSENTIAL SDN. BHD.
710,FRAVI SDN. BHD.
711,FREEMAN INDUSTRIES SDN BHD
712,FREIA AESTHETICS SDN. BHD.
713,FRESHLAH MALAYSIA SDN. BHD.
714,FRISTELLEA FASHION COSMETICS
715,FRONT LINE COSMECEUTICAL (M) SDN. BHD.
716,FS BEAUTY & SPA
717,FTK MAJU TRADING (M) SDN BHD
718,FULIAN (M) SDN. BHD.
719,FULIJAYA MANUFACTURING SDN. BHD.
720,FULL LEAP SDN BHD
721,FUSION SCIENTIFIC SDN. BHD.
722,FUTURE FOOD ENTERPRISE
723,FZP MAJU ENTERPRISE
724,Fabullite Sdn Bhd
725,Fadavenue Enterprise
726,Fasons Auracare Sdn. Bhd.
727,Felement Sdn. Bhd.
728,Figure Fit (M) Sdn Bhd
729,First Beauty Academy
730,Five & Five Marketing Sdn Bhd
731,Fk Millennium Marketing Sdn Bhd
732,Franch World (M) Sdn. Bhd.
733,FreyrSolutions Sdn. Bhd.
734,Fusion Cosmetics Sdn Bhd
735,G I F HAIR & BEAUTY
736,G PRESTIGES RESOURCES SDN BHD
737,G TWO HAIR AND BEAUTY MARKETING
738,G-ANCORA SDN. BHD.
739,GAGAN (MALAYSIA) SDN. BHD.
740,GALORE WORLDWIDE SDN. BHD.
741,GAMAT EMAS SDN BHD
742,GANO EXCEL INDUSTRIES SDN BHD
743,GCM GRACE CROSS SDN. BHD.
744,GCOOP MALAYSIA SDN. BHD.
745,GDB GLOBAL
746,GE FASHION
747,GEE ALMA NUSANTARA ENTERPRISE
748,GEMILANG ANAK PAGASAON
749,GEN INTERNATIONAL BEAUTY & WELLNESS ACADEMY SDN. BHD.
750,GENESIS REVELATION PRODUCTS SDN BHD 
751,GENIE BEAUTE CONCEPT SDN. BHD.
752,GENIO ENTERPRISE
753,GENTLE SUPREME SDN. BHD.
754,GENTLE-BRIGHT CORPORATION SDN. BHD.
755,GERBERA BEAUTY
756,GERIS MARKETING SDN. BHD.
757,GERMAX SDN. BHD.
758,GETLINK RESOURCES
759,GF Bio Tech Sdn Bhd
760,GIM COSMETIC INDUSTRIES SDN BHD
761,GINGER MALAYSIA SDN. BHD.
762,GIRLS DAILY ENTERPRISE
763,GK VIN ENTERPRISE
764,GLAM EIGHT WHOLESALE SDN. BHD.
765,GLAMITY ENTERPRISE
766,GLAMOUR PRESTIGE SDN. BHD.
767,GLAMPICK SDN. BHD.
768,GLEAMI COSMETICS ENTERPRISE
769,GLOBAL CREATIVE VENTURES PLT
770,GLOBAL HAIR SOLUTION
771,GLOW & GLAMOUR STUDIO SDN. BHD.
772,GLOW UP EMPIRE
773,GLOWING BEAUTY CARE
774,GLOWING EXPERT APPLE DIAMOND
775,GLU BEAUTY HAIR CORPORATION SDN. BHD.
776,GMI HOLDINGS SDN BHD
777,GOGLORIA MARKETING
778,GOGOSHOPY SDN BHD
779,GOLD BILLION PHARMA SDN. BHD
780,GOLDEN BEAUTY TRADING
781,GOLDEN VIVA HAIR VERSION
782,GOODSALE TECH MALAYSIA SDN. BHD.
783,GRACE COSMETICS INDUSTRIES GMP SDN. BHD.
784,GRACEMEDIC SDN. BHD.
785,GRAND HAIR BEAUTY PRODUCTS TRADING
786,GRAND SANYANG SDN BHD
787,GREAT TREE INTERNATIONAL SDN. BHD. 
788,GREEN ELEMENT HOLDINGS SDN BHD
789,GREENXAGON MARKETING SDN. BHD.
790,GROW LIGHT AGING SOLUTION
791,GROWAY (MALAYSIA) SDN. BHD.
792,GSO LABORATORY (M) SDN. BHD.
793,GTL AYURVEDA MARKETING
794,GUARDIAN HEALTH AND BEAUTY SDN. BHD.
795,Garth Sage Beauty Care Enterprise
796,Giffarine Skyline Unity (M) Sdn. Bhd.
797,Global Product Solutions Sdn. Bhd.
798,Golden Corner Sdn. Bhd.
799,Golden Shine Beauty Care Products (M) Sdn Bhd
800,Goodmorning Global Sdn.bhd.
801,Grace Beau Sdn. Bhd.
802,Green Herbology Sdn Bhd
803,Greenleaf Universal Malaysia Sdn. Bhd. 
804,Guava Amenities Sdn Bhd
805,Gynic Laboratories Sdn Bhd
806,H & M AESTHETICS SDN. BHD.
807,H & M RETAIL SDN. BHD.
808,H E MANUFACTURING (M) SDN BHD
809,H R EQUIPMENTS TRADING
810,H&L RETAIL SDN. BHD.
811,HABIB JEWELRY MANUFACTURING SDN BHD
812,HAESTIC MALAYSIA SDN. BHD.
813,HAI-O ENTERPRISE BERHAD
814,HAIR ASIAN COSMETIC MANUFACTURING SDN. BHD
815,HAIR KEPE V ENTERPRISE
816,HAIRCRAFTER INTERNATIONAL SDN. BHD.
817,HAIROLOGIST (M) SDN. BHD.
818,HAIRSOUL CENTURY MARKETING SDN. BHD.
819,HAIRWELL SDN BHD
820,HALO PALACE STUDIO
821,HAMDI RICH SDN BHD
822,HAN BEAUTY VENTURES
823,HANAYOME - NATURE (M) SDN. BHD.
824,HANDMADE HEROES TRADING
825,HANGU BEAUTY MANAGEMENT SDN. BHD. 
826,HANS BEAUTY EMPIRE
827,HANZ ELITE POINT SDN BHD
828,HAO YI KANG SDN. BHD.
829,HAOWANG INTERNATIONAL SDN. BHD.
830,HAP GLOBAL SDN. BHD.
831,HAPER JAPAN SDN. BHD.
832,HARA ORGANIC SDN. BHD.
833,HARESH ENTERPRISES SDN. BHD.
834,HARMONI PERKASA SDN. BHD.
835,HARMONIOUS HAPPY VENTURES SDN BHD
836,HARO HOLDINGS SDN. BHD.
837,HARRAZ BIO TECH SDN BHD
838,HARTAMEWAH - NR SDN. BHD.
839,HARTINNA SDN. BHD
840,HAWA NATURAL TRADING 
841,HAWLEY & HAZEL (M) SDN. BHD.
842,HAWTHORN ESSENTIALS SDN. BHD.
843,HDI NETWORK (M) SDN. BHD.
844,HDY AYLIA RESOURCES
845,HEADMISTRESS ENTERPRISE
846,HEADMISTRESS GROUP SDN. BHD.
847,HEADS HAIR & BEAUTY SUPPLIES SDN.BHD.
848,HEALEZ SDN. BHD.
849,HEALSKIN RESOURCES
850,HEALTH AND HAPPINESS (H&H) MALAYSIA SDN. BHD.
851,HEALTH AND HEAL SDN. BHD.
852,HEALTH LANE FAMILY PHARMACY SDN. BHD.
853,HEALTH SECRET RX PLT
854,HEALTHVANTAGE SDN. BHD.
855,HEALTHY WAY (MALAYSIA) SDN. BHD.
856,HEBE BEAUTY STYLE SDN. BHD.
857,HEBRON STAR SDN. BHD.
858,HEDELE GLOBAL SDN. BHD.
859,HEF HEF EMPIRE (M) SDN. BHD.
860,HELY PRODUCTS SDN. BHD.
861,HENKEL (MALAYSIA) SDN. BHD.
862,HENRY JACQUES (MALAYSIA) SDN BHD
863,HERB & HAIR PRO TRADING
864,HERBA TIMUR (M) SDN. BHD.
865,HERBALIFE PRODUCTS MALAYSIA SDN BHD
866,HERBAWORKS HEALTHCARE SDN. BHD
867,HERFIT SDN. BHD.
868,HEVA CONSORTIUM ENTERPRISE
869,HEXALAB OEM MANUFACTURING
870,HEZS GLOBAL MARKETING
871,HI TREND MARKETING SDN. BHD.
872,HIBISCUS PRO SDN. BHD.
873,HIM MAJU TRADING
874,HIMALAYA WELLNESS MALAYSIA SDN. BHD.
875,HISHIN INTERNATIONAL PLT
876,HKL Digital Sdn. Bhd.
877,HL PHARMACEUTICALS SDN. BHD.
878,HOE PHARMACEUTICALS SDN. BHD.
879,HONEST HOUR ENTERPRISE
880,HONG KONG SA SA (M) SDN. BHD.
881,HONSO ACADEMY
882,HOO BEAUTY CENTRE
883,HOSCODE (M) SDN. BHD.
884,HOUSE OF CLASSICS (M) SDN. BHD.
885,HOYU MALAYSIA SDN BHD
886,HYDER GLOBAL
887,HYPHENS PHARMA SDN. BHD.
888,HYSSES (M) SDN. BHD.
889,Hair Gym Sdn Bhd
890,Hairadise Sdn Bhd
891,Haji Zulkifli & Co
892,Halagel Plant (M) Sdn. Bhd.
893,Hana Medic Sdn Bhd
894,Hannan Medispa Sdn Bhd
895,Happy Med Sdn Bhd
896,Hawa Ghazzali Collections Sdn bhd
897,Hello Beauty Perkongsian Liabiliti Terhad
898,Herbion Sdn. Bhd.
899,Hornets Marketing Sdn Bhd
900,Hui Huang Import & Export Sdn Bhd
901,I AM EERA SDN. BHD. 
902,I CARE MARKETING SDN. BHD.
903,I Medikel Healthcare (M) Sdn. Bhd.
904,I Young Dream Enterprise
905,I-linkage Sdn Bhd
906,IB UNITED (M) SDN. BHD.
907,IBEAU RESOURCES
908,IBIDAN SDN. BHD.
909,ICHOR ESSENCE ENTERPRISE
910,IDAMAN PHARMA SDN. BHD.
911,IDOROMO BEAUTY SOLUTION
912,IDS Medical Systems (M) Sdn. Bhd.
913,IFFCO (MALAYSIA) SDN BHD
914,IGLOWAY INTERNATIONAL SDN BHD
915,IKHLAS MAJU GLOBAL
916,IKO NATURAL BEAUTY
917,ILEESH SDN. BHD.
918,IM HAIR & BEAUTY SDN. BHD.
919,IMANIX INTERNATIONAL SDN. BHD.
920,IMC HEALTHCARE SDN BHD
921,IMMERSE ENTERPRISE
922,IMPRESS ESTEEM SDN. BHD.
923,IMPRESS-ESTEEM ENTERPRISE
924,IN ESSENCE ENTERPRISE
925,INAIDAMIA SDN. BHD.
926,INARES NATURAL VENTURE
927,INDERMA SDN. BHD.
928,INFINITE IMAGE BEAUTY SDN. BHD.
929,INFINITE OPPORTUNITIES SDN BHD
930,INFINITE PROJECTS SDN BHD
931,INFLUENTIVE SDN. BHD.
932,INNOMED SDN. BHD.
933,INNOVATION LIFESTYLE CORP.(M) SDN. BHD.
934,INNOVATIVE TRADING
935,INSIDERS GROUP SDN BHD
936,INSTY MARKETING
937,INTAN AZIZAN INDUSTRY SDN. BHD.
938,INTAN OEM SOLUTION
939,INTERCLE MALAYSIA SDN. BHD.
940,INTERCOSMETIC ASIA PACIFIC SDN. BHD.
941,INTRACEUTICALS (SE ASIA) SDN BHD
942,IRAMA RAYU TRADING
943,IRIDIS HOLDINGS SDN. BHD.
944,IRMA ARIANDI GLOBAL SDN BHD
945,IRMANISYA COSMETIC
946,IURO TRADING SDN BHD
947,IVONMAX AESTHETIC CENTRE SDN BHD
948,IVY BEAUTY CORPORATION SDN. BHD.
949,Ideal Clinic Sdn. Bhd.
950,Imedgene Sdn Bhd
951,Impress Cosmetology Sdn Bhd
952,Indra Healthcare Services Sdn Bhd
953,Indus Natural Sciences Sdn Bhd
954,Ioniaga Sdn Bhd
955,Isaromia Aesthetics Sdn Bhd
956,J & T BEAUTY SKIN CARE
957,J TEXTURE HAIR & BEAUTY
958,J.D. ACADEMY
959,J.E. SKINCARE & COSMETICS SDN. BHD.
960,J.LERVIE SKIN HOUSE
961,JADE ESERVICES MALAYSIA SDN. BHD.
962,JADUIT SDN BHD
963,JAGAMAK HOLDINGS SDN. BHD.
964,JAJJA CHINTA SDN. BHD.
965,JAMU NENEK (M) SDN BHD
966,JANE BEAUTY AND BOUTIQUE
967,JARDIN MANUFACTURING SDN. BHD.
968,JARDINE BOTANICAL SDN. BHD.
969,JAVIER AESTHETIC ENTERPRISE
970,JAYNETH MARKETING (M) SDN.BHD.
971,JC INFINITY SDN. BHD.
972,JC MARKET STUDIOS SDN. BHD.
973,JC PREMIERE BUSINESS CENTRE (M) SDN. BHD.
974,JCBELLABY HOME LIVING
975,JD HAIR MARKETING
976,JE SUIS MP ENTERPRISE
977,JEAN GROUP ENTERPRISE
978,JEAN YIP SALON (M) SDN. BHD.
979,JECTIVE MARKETING SDN BHD 
980,JELEX MARKETING
981,JELITA EMAS COSMETICS & MANUFACTURING
982,JELITA FARA RESOURCES
983,JENAMA PRODUK ANDA WORLDWIDE
984,JERLINSIA DISTRIBUTION (M) SDN. BHD.
985,JERO GLOBAL SDN BHD
986,JETAINE CORPORATION SDN. BHD.
987,JEUNESSE GLOBAL SDN BHD
988,JI YANG GLOBAL SDN. BHD.
989,JIMZ EKA HAIR & BEAUTY SUPPLIES TRADING
990,JIMZS EKA HAIR & BEAUTY SUPPLIES (M) SDN BHD
991,JIN BIN CORPORATION SDN. BHD.
992,JIN SDN. BHD.
993,JINNOVATION (M) SDN BHD
994,JL BEAUTY CARE
995,JL FARA BEAUTY SDN. BHD.
996,JLC ASIA SDN. BHD.
997,JM BOREN SDN. BHD. 
998,JM Naturals Sdn Bhd
999,JNL RICHMOND ENTERPRISE
1000,JNL UNITED (M) SDN BHD
1001,JNTL (MALAYSIA) SDN. BHD.
1002,JOA LAB SKINCARE ENTERPRISE
1003,JOBELLE SKIN SOLUTIONS SDN BHD
1004,JOHNESPRIT SDN BHD
1005,JOIELLE GROUP SDN. BHD.
1006,JOIS TRADING-IN
1007,JOKER EMPIRE
1008,JONESTONE TRADING
1009,JORYSI HAIR & BEAUTY SUPPLIES SDN BHD
1010,JOTHI IMPEX SDN. BHD.
1011,JOTONO CORPORATION SDN. BHD.
1012,JOVIAS BEAUTY SDN. BHD.
1013,JR JUE ENTERPRISE
1014,JRM HOLISTIK SDN BHD
1015,JS Velvety Sdn. Bhd.
1016,JT ACE SDN BHD
1017,JUPITER LOGISTICS (MALAYSIA) SDN. BHD.
1018,JUST ESSENTIALS SDN BHD
1019,JUTAWAN JELITA MARKETING
1020,JY BEAUTY SKIN CARE STUDIO
1021,Jacques Cosmetics (Malaysia) Sdn Bhd
1022,Jeras Global Sdn. Bhd.
1023,Jonsson Protein Healthy Hair Growth Sdn. Bhd.
1024,Joy Of Oiling
1025,Junos (M) Sdn. Bhd.
1026,K AESTHETICS INTERNATIONAL SDN. BHD.
1027,K DIAMOND BEAUTY ENTERPRISE
1028,K PLACE SDN. BHD.
1029,K-MOST SDN. BHD.
1030,KAI KENJIN SDN. BHD.
1031,KAMELIA COSMETICS ENTERPRISE
1032,KANEBO COSMETICS MALAYSIA SDN BHD
1033,KAO (MALAYSIA) SDN.BHD.
1034,KARA MARKETING (M) SDN. BHD.
1035,KARISMA COSMETIC
1036,KARISMA EMPAYAR SDN. BHD.
1037,KARMEN HAIRSTORY STUDIO
1038,KAWAN GLOBAL ENTERPRISE
1039,KAYO GLOBAL (M) SDN. BHD.
1040,KBI DIRECT ENTERPRISE
1041,KC Tech Marketing Sdn. Bhd.
1042,KEECOQUENS SDN. BHD.
1043,KEIKIBABY ENTERPRISE
1044,KELLYCANDY ENTERPRISE
1045,KEN-RICH CORPORATION SDN. BHD.
1046,KENKO LIFE SDN. BHD.
1047,KENS AVENUE SDN. BHD.
1048,KEYSTONE HOTEL MANAGEMENT SDN BHD
1049,KHADIJA BEAUTY SDN. BND.
1050,KHALIFAH SOUTH SOLUTION
1051,KHAZAEL ENTERPRISE
1052,KHOBATES INDUSTRIES
1053,KHOO COSMETICS SDN BHD
1054,KI TO WELLNESS SDN. BHD.
1055,KIM ACE ENTERPRISE
1056,KIM HIN JOO (MALAYSIA) BERHAD
1057,KIM SOON HANG SDN. BHD.
1058,KIMBERLY-CLARK TRADING (M) SDN. BHD.
1059,KIMINO BEAUTY SDN. BHD.
1060,KIMIPEARL BEAUTY SENDIRIAN BERHAD
1061,KIMZO HOUSE SDN.BHD.
1062,KINA EMPIRE SDN. BHD.
1063,KINO CARE (M) SDN. BHD.
1064,KIRTHISHA COLLECTIONS
1065,KK ALL BUSINESS SDN. BHD.
1066,KLEENSO INDUSTRIES SDN. BHD.
1067,KLINIK DR CHONG SDN BHD
1068,KLINIK DR HASSEENAH SDN BHD
1069,KLINIK MEWAH
1070,KN RICH RESOURCES
1071,KOIKE (M) SDN. BHD
1072,KOMBINASI TEKNOLOGI SDN. BHD.
1073,KOPERASI KELUARGA SAIJAN SAUDAH KUALA LANGAT SELANGOR BERHAD (KOSS BERHAD)
1074,KOSE (MALAYSIA) SDN. BHD.
1075,KOYI AESTHETIC SDN.BHD.
1076,KRIDVIK GLOBAL   SDN. BHD.
1077,KRIDVIK PLT
1078,KRX RESOURCES SDN. BHD.
1079,KS BEAUTY WELLNESS SDN BHD
1080,KSISTERS SDN. BHD.
1081,KSKIN FACIAL SDN. BHD.
1082,KTK Beauty PLT
1083,KUASA ALAM NEW ENERGY (M) SDN. BHD.
1084,KUMAJU PERTIWI SDN. BHD.
1085,KV MARKETING SERVICE SDN. BHD.
1086,KYANI (M) SDN BHD
1087,Karta International Sdn. Bhd.
1088,Kau Lee Distribution Sdn. Bhd.
1089,Kaydean Qaddasa Niaga
1090,Khobates Industries Sdn Bhd
1091,Khor Hair & Beauty Supplier
1092,Kimma Sdn Bhd
1093,Kinder Soaps Sdn. Bhd.
1094,Kiray Enterprise Sdn. Bhd.
1095,Kiseki Marketing Sdn Bhd
1096,Kynd Hair Care
1097,Kyora Hair & Beauty
1098,L BEAUTY SDN. BHD.
1099,L H Sales & Marketing Sdn. Bhd.
1100,L H Uni Distribution Sdn. Bhd.
1101,L&S COSMETICS AND TOILETRIES (M) SDN. BHD.
1102,L1VIN HEALTH SDN. BHD.
1103,L2O2 VENTURES SDN.BHD.
1104,LA MAISON DU SAVON DE MARSEILLE SDN. BHD.
1105,LA PUREZA SDN. BHD.
1106,LAB BEAUTY SDN .BHD.
1107,LAB REGEN SDN. BHD.
1108,LABBELL SDN BHD
1109,LABEAUTY RESOURCES
1110,LABELLE BEAUTY N WELLNESS SDN. BHD.
1111,LABORATORIES TORRENT (MALAYSIA) SDN. BHD.
1112,LACURE ENTERPRISE
1113,LADUNI SATU MERCHANDISE
1114,LADY K MALAYSIA SDN. BHD. 
1115,LADY SPRING BEAUTY SDN. BHD.
1116,LADY WORLDS BEAUTY HOUSE
1117,LAM SOON EDIBLE OILS SDN. BHD.
1118,LANBENA SDN BHD
1119,LANFENA BEAUTY MARKETING
1120,LARA ENTERPRISE SDN. BHD.
1121,LARVER KRASIVYY HM EMPIRE SDN. BHD.
1122,LASHAZ BEAUTY EMPIRE
1123,LAU MALAYSIA DISTRIBUTION SDN BHD 
1124,LAUDER COSMETICS SDN. BHD.
1125,LAURUSTINUS SDN. BHD.
1126,LAV DREAM DIFFUSER TRADING
1127,LAVAN PERFUME SDN.BHD.
1128,LAVIN PHARMA (M) SDN BHD
1129,LCK GLOBAL MARKETING
1130,LCK HOLISTIC BEAUTY TRADING 
1131,LE EXPERT SDN. BHD.
1132,LE LUXE TRADING
1133,LEAP COMMERCE SDN. BHD.
1134,LEGACY JAYA ENTERPRISE
1135,LEGASI PUTIH PLT
1136,LEIA AESTHETIC CARE SDN. BHD.
1137,LEN & LEY ENTERPRISE
1138,LENCORP MARKETING SDN BHD
1139,LEO MARKETING SDN. BHD.
1140,LEPU COMMERCE (MALAYSIA) SDN. BHD.
1141,LG HOUSEHOLD & HEALTH CARE MALAYSIA SDN. BHD.
1142,LIAN SOON FATT DISTRIBUTE SDN. BHD.
1143,LIEZA ANGGUN ENTERPRISE
1144,LIFE HEALTH TEA
1145,LIFE WELLNESS MANAGEMENT
1146,LIFECARING TRADING
1147,LIFESTYLE INSPIRED SDN BHD
1148,LIGHT BEAUTY
1149,LIM CHENG BIN
1150,LIMAJARI MARKETING
1151,LIN & CHANG COSMETICS MALAYSIA SDN. BHD.
1152,LISA QUEEN EMPIRE
1153,LISAP ASIA PACIFIC SDN. BHD.
1154,LISAZUL BEAUTY AND HEALTH
1155,LITTLE ARISSA BABY BOUTIQUE
1156,LITTLES (MALAYSIA) SDN BHD
1157,LIV TRUSELF VENTURES
1158,LIVELIFE SDN. BHD.
1159,LIVINGSTONE HEALTHCARE SDN. BHD.
1160,LKEY INTERNATIONAL SDN. BHD.
1161,LKT AESTHETIC & WELLNESS SDN. BHD.
1162,LMJ APOTHECARY SDN BHD
1163,LOGEESHAS ENTERPRISE
1164,LOLLA INDUSTRIES (M) SDN. BHD.
1165,LONDONSALES COSMETICS SDN. BHD.
1166,LOREAL MALAYSIA SDN. BHD.
1167,LORGAN HAIR PRODUCT TRADING
1168,LOTUSS STORES (MALAYSIA) SDN. BHD.
1169,LOVELF BODY CARE
1170,LOVELIEE EMPIRE SDN BHD
1171,LOVELY LACE (M) SDN. BHD.
1172,LOVEME INTERNATIONAL SDN. BHD.
1173,LOVING HANDS MARKETING
1174,LUCKY LIME INTERNATIONAL SDN. BHD.
1175,LUERE MARKETING PLT
1176,LUMAYAN INDAH SDN BHD
1177,LUMINANCE MARKETING SDN.BHD.
1178,LUMINOUS SKINCARE
1179,LUNA GROUP SDN. BHD.
1180,LUNAA & SIX SDN. BHD.
1181,LUQMAAN TRADING
1182,LURVEYA SDN. BHD.
1183,LUSH PROJECT ENTERPRISE
1184,LUSHLOCKS ENTERPRISE
1185,LUVIDA MEDICAL SDN BHD
1186,LUX BEAU TRADING
1187,LUXASIA (M) SDN. BHD.
1188,LUXDERMA VENTURES SDN. BHD.
1189,LUXEPHASE SDN.BHD.
1190,LUXOR BEAUTY WORLD SDN. BHD.
1191,LUXOR HOLDINGS SDN BHD
1192,LUXOR YRM SDN. BHD.
1193,LVMH FASHION GROUP MALAYSIA SDN. BHD.
1194,LVMH PERFUMES AND COSMETICS (MALAYSIA) SDN. BHD.
1195,L`Occitane Malaysia Sdn Bhd
1196,Labceuticals Sdn. Bhd.
1197,Lash Lab Sdn Bhd
1198,Leamind (M) Sdn. Bhd.
1199,Leap Health Sdn Bhd
1200,Legendary Distribution Sdn. Bhd.
1201,Lemon Green Organic Sdn Bhd
1202,Lipidware Sdn Bhd
1203,Little Craft Harbour Sdn. Bhd.
1204,Livemed Sdn. Bhd.
1205,Living Options Sdn Bhd
1206,London Weight Management Sdn.Bhd.
1207,Louis Vuitton (Malaysia) Sdn Bhd
1208,Luchin Corporation Sdn Bhd
1209,Lumi Health Sdn. Bhd.
1210,Lureen Sdn. Bhd.
1211,Luscious Solution Sdn.Bhd.
1212,Luvv & Co Enterprise
1213,M MEDISPA TECHNOLOGY SDN. BHD.
1214,M3C GLOBAL SDN. BHD.
1215,MAAEZ SDN. BHD.
1216,MAAYA ARCHAIC EMPIRE
1217,MACGICIAN DISTRIBUTION SDN. BHD. 
1218,MACKINZ BEAUTY
1219,MACSAM SDN. BHD.
1220,MADANI RICH & FABULOUS
1221,MAE BEAUTY SHOPPE
1222,MAEBELLE INTERNATIONAL SDN. BHD.
1223,MAESTRO LABORATORIES SDN. BHD.
1224,MAGENTA AVENUE ENTERPRISE
1225,MAGGIE BEAUTY CARE
1226,MAGIC BOO BEAUTY SDN BHD
1227,MAGNIFICENT VALOR VENTURE
1228,MAGNIFIQUE RICHESSE PLT
1229,MAGNIVQUE EMPIRE RESOURCES
1230,MAHA ST MARKETING
1231,MAKEUP SG VENTURES
1232,MAKO SUN COMMERCE SDN. BHD.
1233,MALCUS SDN. BHD.
1234,MALEYS SKINCARE AND COSMETICS
1235,MALIA MELLIA
1236,MAMA EARTH DISTRIBUTOR
1237,MAMAC (MALAYSIA) 
1238,MAMADIL SLIM & BEAUTY SDN. BHD.
1239,MAMASAB COSMETICS SDN. BHD.
1240,MANCODES MALAYSIA ENTERPRISE
1241,MANDI INTERNATIONAL SDN BHD
1242,MANDOM (MALAYSIA) SDN. BHD.
1243,MAPLE BEAUTY WORLD
1244,MARIE FRANCE BODYLINE SDN. BHD.
1245,MARIS DIVERSIFIED
1246,MARISA BEAUTY
1247,MARKET MALAYSIA SHOP SDN. BHD.
1248,MARSHEAR HWS SDN. BHD.
1249,MARY J HOLDING SDN. BHD.
1250,MARY KAY (MALAYSIA) SDN. BHD.
1251,MASE INDUSTRIES SDN. BHD.
1252,MASHA BEAUTY & HEALTH
1253,MASHA INDUSTRY
1254,MASHA TEAM RESOURCES
1255,MASRIANI BEAUTY HOUSE
1256,MASSLOSH SDN BHD
1257,MASSTRON COMMUNICATION SOLUTIONS SDN. BHD. 
1258,MAWARICH SDN. BHD.
1259,MAX G TRADING
1260,MAX PINE INTERNATIONAL HOLDINGS SDN. BHD.
1261,MAX WINCO ENTERPRISE
1262,MAXCOS MANUFACTURING SDN BHD
1263,MAXI BEAUTY SUPPLY SDN.BHD.
1264,MAXWELL PHARMA SDN. BHD.
1265,MAY AND ZYMES ENTERPRISE
1266,MAYFAIR BODYLINE SDN. BHD.
1267,MAYFAIR WELLNESS SDN. BHD.
1268,MAYSENSE INTERNATIONAL (M) SDN BHD
1269,MAZ HEALTH & BEAUTY (M) SDN BHD
1270,MAZA PRIMA SDN BHD
1271,MB BADAOUI SDN. BHD.
1272,MBH Cosmeceutical Sdn Bhd
1273,MBK SE ASIA SDN. BHD.
1274,MC ESSENTIALS SDN. BHD.
1275,MCBRIDE MALAYSIA SDN. BHD.
1276,MCTP SOLUTIONS SDN. BHD.
1277,MD WELLNESS SDN. BHD.
1278,MDMS GLOBAL
1279,MECHE CHEMICAL & TRADING
1280,MEDCIN PHARMA SDN BHD
1281,MEDEVO SDN. BHD.
1282,MEDI HERB
1283,MEDICA RESEARCH PRODUIT
1284,MEDICIRCLE HOLDING SDN. BHD.
1285,MEDINOVA SDN. BHD.
1286,MEDISPEC (M) SDN. BHD.
1287,MEDSTAR TRADING SDN. BHD.
1288,MEGAGEN IMPLANT MALAYSIA SDN. BHD.
1289,MEIHO COSMECEUTICAL INDUSTRY SDN. BHD.
1290,MEISHANG COSMETICS MALAYSIA SDN. BHD.
1291,MEKYUBEAUTY EMPIRE
1292,MELANIN BEAUTY
1293,MESRA AGROHERB
1294,METRO MEDICAL SUPPLIES (M) SDN BHD
1295,METROPOLE BEAUTY SDN. BHD.
1296,MG GREEN TECH SDN. BHD.
1297,MGEE BEAUTY SOLUTION
1298,MHA GLOBAL SDN. BHD. 
1299,MHI TRADE AND SUPPLIES
1300,MIAER EXCLUSIVE ENTERPRISE
1301,MIBA MINERALBIO COSMETICS
1302,MICA ASIA SDN BHD
1303,MICHELLE LAZAR INTERNATIONAL SDN BHD
1304,MIDYSON SDN. BHD.
1305,MIKASERIES SDN. BHD.
1306,MIKHAYA ENTERPRISE
1307,MIL PHARMACARE SDN. BHD.
1308,MILAE MARKETING
1309,MILBON MALAYSIA SDN. BHD.
1310,MILIN BEAUTY
1311,MILLABEL SDN. BHD.
1312,MINIMALIST SCIENCE SDN. BHD.
1313,MINISO WINKY (M) SDN. BHD.
1314,MIRACLE BEAUTY LAB SDN. BHD.
1315,MIRACULOUS GROUP (M) SDN. BHD.
1316,MIRACULOUS SCIENCE RESOURCES
1317,MIRAGE INTERNATIONAL SDN. BHD.
1318,MIRAKYO ENTERPRISE
1319,MISEOUL (M) SDN. BHD.
1320,MISG GLOBAL MARKETING SDN. BHD.
1321,MITCHELL GROUP USA (MALAYSIA) PLT
1322,MIXERPLAT (M) SDN. BHD.
1323,MJ STYLE SDN.BHD.
1324,MK AESTHETIC ENTERPRISE
1325,MK HUB GLOBAL
1326,MK SKIN BIOTECH SDN. BHD.
1327,MKA JOYCARE SDN. BHD.
1328,MLISS (M) SDN. BHD.
1329,MM BIOTECHNOLOGY SDN. BHD.
1330,MM COSMETIC SDN. BHD.
1331,MM MORGAN SDN. BHD.
1332,MMCM BEAUTY
1333,MMI HERBS
1334,MODA NURAY EMPIRE
1335,MODINITY SDN. BHD.
1336,MOH HENG COMPANY SDN BHD
1337,MOHA BIOTECH MANUFACTURING SDN BHD
1338,MOHD NASIR BIN MOHAMAD
1339,MOIRAI TECH SDN. BHD.
1340,MOITTRY INFINITY SDN. BHD.
1341,MOMENTUM COMMERCE SDN. BHD.
1342,MONARCH AESTHETIC SDN. BHD.
1343,MONARCH MEDI SOLUTIONS SDN. BHD.
1344,MOODYZ AGENCIES SDN. BHD.
1345,MOON BEAUTY WELLNESS SDN. BHD. 
1346,MOONSOUL MARKETING
1347,MORLENDE SDN. BHD.
1348,MOSFAC SDN BHD
1349,MOST YOUNG GLOBAL  SDN. BHD.
1350,MOUNTFABER ENTERPRISE
1351,MOVON SDN. BHD.
1352,MP VENTURE 
1353,MSG Venture Sdn Bhd
1354,MSH MANUFACTURING SDN. BHD.
1355,MSPA CONSULTING SDN. BHD.
1356,MTM LAB SEA SDN BHD
1357,MUJI (MALAYSIA) SDN BHD
1358,MUK ENTERPRISE SDN BHD
1359,MULTANI SDN BHD
1360,MUSIM MASTIKA (MALAYSIA) SDN BHD
1361,MY BEAUTY PLACE SDN. BHD.
1362,MY CHIOR GROUP HOLDING SDN. BHD.
1363,MY EASTERN RESOURCES SDN BHD
1364,MY FIMEDIA NETWORK TECHNOLOGY SDN. BHD.
1365,MY MEDISPA SDN BHD
1366,MY SKP TRADE SDN. BHD.
1367,MYBH MANUFACTURING RESOURCES
1368,MYDIN MOHAMED HOLDINGS BERHAD
1369,MYLITTLE MOMENTS SDN. BHD.
1370,MYSME DOT MY SDN. BHD.
1371,MYSTIXX EMPIRE
1372,MYT COSMETICS MANUFACTURING SDN. BHD.
1373,MYTAN SERVICES
1374,Mac Innovations Sdn Bhd
1375,Macma Trading
1376,Makmal Izzah
1377,Malayan Procurement Sdn. Bhd.
1378,Mandara Spa (m) Sdn. Bhd.
1379,Mars Creations Sdn Bhd
1380,Masha Marketing Sdn. Bhd.
1381,Mastura Enterprise
1382,Max Well Health Sdn Bhd
1383,Maxconnection Cosmetic Sdn Bhd
1384,Medicell Pharmaceutical(malaysia) Sdn.bhd
1385,Medinail Sdn Bhd
1386,Mee Teck Beauty Sdn Bhd
1387,Mega Mass K Networks Sdn Bhd
1388,Meili Cosmetic Marketing PLT
1389,Melaleuca Southeast Asia (malaysia) Sdn. Bhd.
1390,Melissachens Skin Lab Sdn Bhd
1391,Merrycos Industries Sdn Bhd
1392,Metropolitan Capital Sdn.Bhd.
1393,Millennia Concepts Bio Sciences Sdn Bhd
1394,Monoliving Sdn Bhd
1395,Montena Sdn. Bhd.
1396,Mu & Mars Sdn. Bhd.
1397,Mughni Trading Sdn. Bhd.
1398,Myeppo Digital Sdn Bhd
1399,Myface Wellness Beauty
1400,N DENT SDN BHD
1401,N REMEDIER (M) SDN. BHD.
1402,NABELLA ANUAR GROUP SDN BHD
1403,NACHURARUS SDN. BHD.
1404,NAFURRA GLOBAL SDN. BHD.
1405,NAMI COSMETICS SDN. BHD. 
1406,NANA MAHAZAN INTERNATIONAL SDN. BHD.
1407,NANG HIN MEDICAL SDN. BHD.
1408,NANNY OIL
1409,NAOMI BEAUTY
1410,NAOMI MEDICAL SDN. BHD.
1411,NARINAR GROUP SDN. BHD.
1412,NARQES BEAUTY MALAYSIA SDN BHD 
1413,NARUKO(MALAYSIA)SDN.BHD.
1414,NATIONWIDE TRADING SDN.BHD.
1415,NATTA COSME (M) SDN. BHD.
1416,NATURA ORGANICA SDN. BHD.
1417,NATURAL COSMOTECH SDN BHD
1418,NATURAL HEALTH CARE SDN. BHD.
1419,NATURAL HEALTH FARM MARKETING (M) SDN BHD
1420,NATURAL HERBAL HAIR GROWTH MARKETING
1421,NATURAL HERBAL INDUSTRIES SDN BHD
1422,NATURCARE LA BEAUTE SDN. BHD.
1423,NATURE COVVO HAIR & SKIN CARE
1424,NATURE QUEST SUPPLIES
1425,NATURES BEAUTY BLEND NETWORLD
1426,NATURES SECRET RETAIL (M) SDN. BHD.
1427,NATURPLEX MARKETING
1428,NAUTIKAA PLT
1429,NAZA BEYOND VENTURES
1430,NB NATURAL BEAUTY EXPERT SDN BHD
1431,NEETA ENTERPRISE
1432,NEKDERX SDN. BHD.
1433,NELYSA NORAZLAN EMPIRE
1434,NEOASIA (M) SDN. BHD.
1435,NEU BEAUTY & HEALTH
1436,NEW SKIN COSMETICS SDN. BHD.
1437,NEWAGE SDN. BHD.
1438,NEWSPRING HAIR CENTRE
1439,NEYYA COSMETICS
1440,NF TOUCH
1441,NFARA S BIOTECHNOLOGY (M) SDN. BHD.
1442,NFS Biotech
1443,NH BIZ RESOURCES
1444,NH GORGEOUS ENTERPRISE
1445,NH PRIMA INTERNATIONAL SDN. BHD.
1446,NIPPON MENARD (M) SDN. BHD.
1447,NIRMALYA BEAUTY & WELLNESS
1448,NMF CONSULTANT SDN BHD
1449,NOBLE BEAUTY ENTERPRISE
1450,NOBLE INDICHEM SDN BHD
1451,NOIR HEALTH & BEAUTY SDN.BHD
1452,NOOR KHAN INTERNATIONAL SDN. BHD.
1453,NORCY BEAUTYLAB SDN. BHD.
1454,NORI MALAYSIA SDN. BHD.
1455,NORTH WEST ENTERPRISE SDN. BHD.
1456,NOUVEAUX INTERNATIONAL SDN BHD
1457,NOUVELLE BEAUTY CENTRE SDN. BHD.
1458,NOVA LABORATORIES SDN. BHD.
1459,NOWME SDN. BHD.
1460,NOZOMI MARKETING SDN BHD
1461,NP BEAUTY RESOURCES
1462,NPMAC RESOURCES
1463,NS AESTHETIC BEAUTY CENTRE
1464,NSL HAIRCARE MARKETING
1465,NU ESSENCE CONCEPT
1466,NU SKIN (MALAYSIA) SDN. BHD.
1467,NUEX ROSLI EMPIRE SDN. BHD.
1468,NUFA TRADE (M) SDN. BHD.
1469,NURDELAILA BEAUTY CARE & HEALTH
1470,NURRAYSA GLOBAL SDN BHD
1471,NURUL ELLYNA BINTI ANUAR
1472,NUSANTARA MAJU ENTERPRISE
1473,NUTRALINE GLOBAL NETWORK
1474,NUTRI LIFESCIENCE SDN. BHD
1475,NUTRICIOUS MARKETING SDN BHD
1476,NUTRIGO SDN. BHD.
1477,NUTRILAND HERBS & HEALTHY
1478,NUUHA COSMECEUTICAL SDN.BHD.
1479,NUVANTA SDN. BHD.
1480,NVL NATURAL BIOTECH
1481,NX HAIR AND BEAUTY SUPPLIES SDN. BHD.
1482,NYAKLISA KL RESOURCES
1483,N`AI BEAUTY COSMETIC
1484,Nabeauco Sdn Bhd
1485,Nael & Newk Nutra Health Sdn. Bhd.
1486,Nalika Ventures Sdn. Bhd. 
1487,Natural Basics Sdn Bhd
1488,Navanos Biotech Sdn Bhd
1489,Neolife Nutrition Sdn. Bhd.
1490,Neu Cosmetico Resources
1491,New York Skin Sdn.Bhd.
1492,Newgenic Beauty Manufacturing Sdn Bhd
1493,Nexusky Sdn Bhd
1494,Nicholas Koo Beauty World Sdn Bhd
1495,Nina Beauty Legacy
1496,Nixolab Sdn Bhd
1497,Novel Link Malaysia Sdn Bhd
1498,Nubio Dermaceuticals (M) Sdn Bhd
1499,Nursinar Body Care Sdn. Bhd.
1500,OASIS WELLNESS INTERNATIONAL SDN. BHD.
1501,OBASAN YUME HOUSE
1502,OBSESS COSMETICS SDN. BHD. 
1503,ODYSSEY NAIL SYSTEM SDN BHD
1504,OG SEVEN SDN.BHD.
1505,OGAAN FASHIONS (M) SDN BHD
1506,OISKIN SDN BHD
1507,OKAYA COSMETIC
1508,OKAYA LIFE BEAUTY
1509,OLA BELEZA SDN. BHD.
1510,OLICELL GROUP (M) SDN BHD
1511,OLIVE ESSENTIAL SDN. BHD.
1512,OLIVE GREEN (M) SDN. BHD.
1513,OLIVE NENDOH SKIN CARE (M) SDN. BHD.
1514,OMORFIA RESOURCES
1515,ONE POINT MARKETING PLT
1516,ONE WAY HAIR & BEAUTY TRADING
1517,ONE WORLD COSMETICS
1518,ONEW COSMETICS
1519,OOI YEW SENG SDN. BHD.
1520,OPTIMIST VICTORY SDN. BHD. 
1521,OPTIMO INTERNATIONAL SDN. BHD.
1522,OPTIMUM PHARMA (M) SDN. BHD.
1523,ORALIX MEDICAL SDN. BHD.
1524,ORBYX SDN. BHD.
1525,ORGANIQUE ESSENTIELLE SDN. BHD.
1526,ORI HERBS COFFEE MARKETING
1527,ORIENTAL INCHAWAY SDN. BHD.
1528,ORIQUE SDN BHD
1529,ORTUS EXPERT COSMETICS SDN. BHD.
1530,OSHIEN2U SDN. BHD.
1531,OSM GLOBAL BEAUTY SDN. BHD. 
1532,OSSTEM MALAYSIA SDN BHD
1533,OTC COSMETIC INDUSTRIES SDN. BHD.
1534,OTTIMO GOODS SDN BHD
1535,OTWOO COSMETICS SDN. BHD.
1536,OUJI SEIYAKU (M) SDN. BHD.
1537,OWI LAB (M) SDN. BHD.
1538,OZWIN NATURAL PRODUCTS SDN. BHD.
1539,Oasis Wellness Sdn. Bhd.
1540,Omega Hill Trading Sdn Bhd
1541,One Healthy Solution (M) SDN. BHD.
1542,One Theory Sdn.bhd
1543,Orchid Blossom Sdn. Bhd.
1544,Organic Tulips Trading
1545,Orient Europharma (M) Sdn Bhd
1546,Origin Herbal Hair Treatment Sdn Bhd
1547,Orisa Skin Care Supply
1548,Oshadhi Malaysia Sdn Bhd
1549,P & Q Marketing (M) Sdn. Bhd.
1550,P.T MUSTIKA RATU (M) SDN. BHD.
1551,P.t. Widuri (m) Sdn Bhd
1552,PAHANG PHARMACY SDN. BHD.
1553,PANA BEAUTY EMPIRE
1554,PANARIX SDN. BHD.
1555,PANDA EYES SDN. BHD.
1556,PAPILLAZ HUB
1557,PARADISE BUILDERS HOLDING SDN BHD
1558,PARAMED COSMECEUTICAL SDN BHD
1559,PARVUS SDN. BHD.
1560,PASSION TRADING SDN. BHD.
1561,PAULA`S CHOICE MALAYSIA SEA SDN. BHD.
1562,PCQ Hair & Beauty Products Sdn. Bhd.
1563,PDS Consulting Sdn Bhd
1564,PE COSMECEUTICAL SDN. BHD.
1565,PEARLESZENSE INTERNATIONAL TRADING SDN. BHD.
1566,PEARLOSOPHY (M) SDN. BHD.
1567,PEAU BEAU SDN BHD
1568,PEOPLE & GLOBAL SDN BHD
1569,PERA RESOURCES
1570,PERFECT FACELIFT SDN. BHD.
1571,PERFECT LIFE WELLNESS SDN. BHD.
1572,PERFUMIZE LEGACY SDN. BHD.
1573,PERNIAGAAN NORMAHAS SDN. BHD.
1574,PERNIAGAAN ORANG KAMPUNG SDN. BHD.
1575,PERSONA KOSMETIK SDN BHD
1576,PERSONAL COLLECTION SDN. BHD.
1577,PESONA OASIS TRADING
1578,PETRONAS TECHNOLOGY VENTURES SDN. BHD.
1579,PEW PEW RESOURCE ENTERPRISE
1580,PFS HEALTHCARE ASIA SDN BHD
1581,PFT INTL Sales & Marketing 
1582,PHARMEX SDN BHD
1583,PHILLIP WAIN (M) SDN BHD
1584,PHILOSOPHY BEAUTY CARE
1585,PHLETORA SDN. BHD.
1586,PHOENIX AESTHETIC SDN. BHD.
1587,PHRI HOLDINGS SDN BHD
1588,PHYTO DYNAMIS SDN BHD
1589,PICY STORE
1590,PIGEON MALAYSIA (TRADING) SDN BHD
1591,PINKANDBELLE SDN. BHD.
1592,PINKISH BEAUTY COSMETIC
1593,PINNACLE MEDIC SDN. BHD.
1594,PIO SKIN BEAUTY TRADING
1595,PISHON DE BEAUTY
1596,PIULIS MARKETING
1597,PK-1 Wholesales Trading Sdn Bhd
1598,PL COSMETIC INDUSTRY SDN. BHD.
1599,PLAYART INTERNATIONAL (M) SDN. BHD.
1600,PLP WORLDWIDE SDN BHD
1601,POLYBIO INTERNATIONAL SDN. BHD.
1602,POSH BEAUTY EMPIRE
1603,PP REFINED VENTURE SDN. BHD.
1604,PRA GLOBAL RESOURCES 
1605,PREMIER ETERNITY SDN. BHD.
1606,PREMIUM PRIORITY SDN BHD
1607,PRESTIGE PRODUCTS ( M) SDN.BHD.
1608,PRETTY CAKED HEALTH AND BEAUTY
1609,PRIMA ASIA SDN. BHD.
1610,PRIMA BEAUTYTECH SDN BHD
1611,PRIMAVISTA TRADING
1612,PRINCIPIO ORGANICSPA SKIN CARE
1613,PRO BALANCE HEALTHCARE SDN BHD
1614,PRO BEAU SDN.BHD.
1615,PRO NUTRITION (MALAYSIA) SDN. BHD.
1616,PROANCHOR SDN. BHD.
1617,PROCTER & GAMBLE (MALAYSIA ) SDN.BHD.
1618,PRODUCT CATALYST CONSULTING
1619,PROGRESSIVE  MIX INDUSTRIES
1620,PROMEDIKA RESOURCES
1621,PROPHARM (M) SDN. BHD.
1622,PROYA BEAUTY MALAYSIA SDN. BHD.
1623,PTSH SURVIVAL MART
1624,PUIG MALAYSIA SDN. BHD.
1625,PURE ESSENTIALS SDN BHD
1626,PURECARE HEALTH & BEAUTY SDN. BHD.
1627,PURNEY BEAUTY SDN. BHD.
1628,PURPOSE GROUP PLT
1629,PUSAT TERAPI LIJI HUA XUAN
1630,PY WHOLESALER TRADING
1631,PYRAMID RUBY SDN. BHD.
1632,Palm Link Sdn Bhd
1633,Pan Pacific Retail Management (Malaysia) Sdn. Bhd.
1634,Pax Flora Sdn Bhd
1635,Pearl Ray Sdn.bhd.
1636,Perfect Pentagon Sdn Bhd
1637,Perfect Plus Beauty & Slimming Centre
1638,Pesona Zulhijjah Trading
1639,PharmaCare (Asia) Sdn Bhd
1640,Pharmacore Technology and Innovation Sdn. Bhd.
1641,Portes Sdn Bhd
1642,Powerlife (M) Sdn. Bhd.
1643,Premium Pure Aroma Enterprise 
1644,Priceabuse.com Sdn Bhd
1645,Provicare Sdn Bhd
1646,Pusat Solek Sally
1647,Q & Z COSMETICS MANUFACTURING SDN. BHD.
1648,Q FANER SDN. BHD.
1649,QA HEALTH SDN. BHD.
1650,QALBU OCEAN ENTERPRISE
1651,QASEH RAGIINA ENTERPRISE
1652,QEMRICH SDN. BHD.
1653,QI FOREST SDN. BHD. 
1654,QIFSYA MARKETING SDN BHD
1655,QINFY BEAUTY STUDIO
1656,QISTINA ADI ENTERPRISE 
1657,QIVEA EMPIRE
1658,QQ CUT (M) SDN. BHD.
1659,QQ RESOURCES SDN BHD.
1660,QQ TRADING
1661,QSC WISDOM UNIVERSE SDN. BHD.
1662,QTC HAIR & BEAUTY SUPPLIES
1663,QUALITY AMENITIES SUPPLY (M) SDN. BHD.
1664,QUANTUM UPSTREAM SDN. BHD.
1665,QUARZ GLOBAL SDN. BHD.
1666,Qaler Pavilion Sdn. Bhd.
1667,Quest Asia Medical Sdn. Bhd.
1668,R BEAUTE SDN. BHD.
1669,R-ZAC SDN. BHD.
1670,RADIANCE MANUFACTURING SDN. BHD.
1671,RADIUS WORLDWIDE COSMETIC
1672,RAFIKA GLOBAL
1673,RAINMAKER RESOURCES
1674,RAJAPURA HERBAL MALAYA SDN. BHD. 
1675,RAMS HOME DECOR SDN BHD
1676,RANGKAIAN MERCU RESOURCES SDN BHD
1677,RASSALAB GLOBAL SDN. BHD.
1678,RAW NATURE sdn bhd
1679,RB (HEALTH) MALAYSIA SDN BHD
1680,RC SKIN EXPERTS SDN. BHD.
1681,REALAX DENTAL PRODUCTION SDN. BHD. 
1682,REALISTIC AMBITIOUS SDN BHD
1683,REDO MARKETING SDN. BHD.
1684,REDSKY CAPITAL
1685,REINO GLOBAL SDN. BHD.
1686,REJUVENATE AESTHETIC SDN. BHD.
1687,RESPACK MEDICARE SDN. BHD.
1688,RETROBEE GLOBAL SDN . BHD .
1689,RETURN LEGACY SDN BHD
1690,REVBIOHERB ESSENCE EMPIRE
1691,REVIVED BIO HEALTH SDN BHD
1692,REVTO SOLUTIONS SDN. BHD.
1693,RICHGOLDS ENTERPRISE
1694,RICHMOND WELL MARKETING
1695,RIDZSKIN GLOBAL ENTERPRISE
1696,RIGEL PHARMA SDN. BHD.
1697,RINGGIT BOARD HOLDINGS SDN. BHD.
1698,RITUALS COSMETICS MALAYSIA SDN. BHD.
1699,RIZQI LUXURY NETWORK
1700,RJ BEAUTY SHOP
1701,RK HERITAGE GLOBAL SDN. BHD.
1702,RM ENTERPRISE
1703,RMG BUSINESS SDN. BHD.
1704,ROHBAN TRADE SDN. BHD.
1705,ROHINA ARMY RESOURCES
1706,ROHTO-MENTHOLATUM (M) SDN. BHD.
1707,ROLLY POLLY SDN. BHD.
1708,ROOTINE CARE PRODUCTS
1709,ROSARIUM ENTERPRISE 
1710,ROSEBELLE ENTERPRISE
1711,ROSELLE LUXURIOUS
1712,ROSLIND ENTERPRISE
1713,ROSLIND ENTERPRISE (M) SDN. BHD.
1714,ROSLIZA YAZIZ NN HOLDINGS SDN. BHD.
1715,ROSSO VERDE EMPIRE
1716,RS KLUANG HAIR & BEAUTY SUPPLIES
1717,RS SUPERSTORE SDN. BHD.
1718,RSQ BUSINESS KEY SDN.BHD.
1719,RSSA EMPIRE
1720,RUBYCELL SDN. BHD.
1721,RV AVENUE SDN BHD
1722,RYK PROFESSIONAL SDN BHD
1723,Radiant Code Sdn. Bhd.
1724,Rank Distributors Sdn. Bhd.
1725,Ratu Fermosa Enterprise
1726,Reka Nova Sdn. Bhd.
1727,Reyoung Beaute (M) Sdn. Bhd.
1728,Richemont Luxury (malaysia) Sdn Bhd
1729,Rise Sun Holdings Sdn. Bhd.
1730,Rising Inspiration Sdn. Bhd.
1731,Riworld Worldwide Sdn. Bhd.
1732,Roots Basic Sdn. Bhd.
1733,SA WELLNESS SDN BHD
1734,SAFY BEAUTY
1735,SAHAJIDAH HAI-O MARKETING SDN BHD
1736,SALLY BEAUTY LEGACY 
1737,SALON CONCEPT SDN. BHD.
1738,SAMMOOR BEAUTY SDN BHD
1739,SANDALWOOD FOREST (M) SDN BHD
1740,SANSBEAU COSMETICS SDN.BHD.
1741,SANTHI COLLECTIONS & BEAUTY CENTRE
1742,SARAH SKIN CARES
1743,SB HAIR & BODY CARE
1744,SBL HEALTHCARE SDN BHD
1745,SC JOHNSON PROFESSIONAL SDN. BHD.
1746,SC NETWORK SDN BHD
1747,SCALE ASIA SDN. BHD.
1748,SCARLETROSE BEAUTY LINE
1749,SCENTSUAL MARKETING (M) SDN. BHD.
1750,SCHMIDT BIOMEDTECH SDN. BHD.
1751,SCI ECOMMERCE MALAYSIA SDN. BHD.
1752,SCION OFFICIAL STORE
1753,SCPROF SDN. BHD.
1754,SECRET SOURCE SDN BHD
1755,SEFERA HAIRCRAFT SOLUTIONS
1756,SEJAGAT GLOBAL RESOURCES
1757,SELF AND SOUL SDN. BHD.
1758,SEMPURNA SENSASI MARKETING
1759,SENDAYU TINGGI BEAUTY & HEALTH (M) SDN. BHD.
1760,SENSE U ENTERPRISE
1761,SENWILL COSMETIC MANUFACTURING SDN BHD
1762,SEOUL YOUNG MAKEUP PARLOUR SDN. BHD.
1763,SERAIMAS HERBS SDN BHD
1764,SERENE AESTHETICS SDN BHD
1765,SERENE ETHEREAL RESOURCES
1766,SERI PUTIH RESOURCES
1767,SETIA-WOOD INDUSTRIES SDN. BHD.
1768,SF Green Sdn Bhd
1769,SFJ BEAUTY SDN. BHD.
1770,SHANAZ HEALTH & BEAUTY
1771,SHE EMPIRE SDN BHD
1772,SHER BEAUTE RESOURCES
1773,SHI LI BEAUTY CENTRE
1774,SHIELAAZWIR ENTERPRISE
1775,SHIFA HERB INDUSTRIES SDN. BHD.
1776,SHIFEN HOLDING SDN. BHD.
1777,SHIMA BEAUTY SDN. BHD.
1778,SHIMINO HEALTH & BEAUTY SDN BHD
1779,SHINE PREETY BEAUTY RESOURCES
1780,SHISEIDO MALAYSIA SDN. BHD.
1781,SHOWMAJI SDN. BHD.
1782,SHUEI TRADING SDN. BHD. 
1783,SHVETA LABS (M) SDN. BHD.
1784,SHYE ENTERPRISE
1785,SIBRO (MALAYSIA) SDN BHD
1786,SIBU BEAUTY & BEAUTIES SDN. BHD.
1787,SICVAR ENTERPRISE
1788,SIGNATURE SNACK SDN.BHD.
1789,SILTEX HAIR COSMETIC
1790,SILVER WELLNESS TRADING
1791,SIMPLY LYNN RESOURCES 
1792,SIMPLY SS TRADING SDN. BHD.
1793,SIN LEE ENTERPRISE
1794,SINAR ZAMDURRANI
1795,SINCERITY GLOBAL VENTURES (MALAYSIA) SDN BHD
1796,SINTEX MARKETING
1797,SIS BEAUTY EMPIRE TRADING
1798,SIS BEAUTY SDN. BHD.
1799,SISLEY COSMETICS SDN. BHD.
1800,SITI SYUKRINA BINTI AIRAHMAN
1801,SITICS LOGISTIC SOLUTIONS (M) SDN. BHD.
1802,SIX INCENSE AGARWOOD SDN. BHD.
1803,SK NATURE
1804,SKCC BEAUTY INTERNATIONAL SDN BHD
1805,SKG BEAUTY SDN. BHD.
1806,SKIN & SKIN COSMECEUTICALS SDN. BHD.
1807,SKIN CRAFT SDN. BHD.
1808,SKIN ESSENTIALS (M) SDN BHD
1809,SKIN RENEW INTERNATIONAL (MALAYSIA) SDN. BHD.
1810,SKIN RENEW MARKETING SDN. BHD.
1811,SKIN SANNO ENTERPRISE
1812,SKIN TAYLER SOLUTION
1813,SKIN ZONE ENTERPRISE
1814,SKINCODES SDN. BHD.
1815,SKINDEU SOLUTIONS
1816,SKINEATS ENTERPRISE
1817,SKINSUI SOLUTIONS ENTERPRISE
1818,SKINWERKZ (ASIA PACIFIC) SDN. BHD.
1819,SKY RESOURCES SDN. BHD.
1820,SKYFOX GROUP SDN. BHD.
1821,SKYLA COSMETICS & PERSONAL CARE
1822,SL COSMETIC SDN. BHD.
1823,SL HEALTHCARE & BEAUTY
1824,SL METALI ( M ) SDN BHD
1825,SLAE COSMETICS SDN. BHD.
1826,SLEX (MALAYSIA) SDN. BHD.
1827,SMART CHOICE COMPANY
1828,SMART INFINITY COMPANY
1829,SMCR LABORATORIES SDN. BHD.
1830,SMELLS GOOD HOLDINGS SDN. BHD.
1831,SMILE-LINK SDN. BHD.
1832,SMOTUN SDN. BHD.
1833,SNFZ GLOBAL ADVANCE ENTERPRISE
1834,SNH SAKA EMPIRE
1835,SNI NETWORK (MALAYSIA) SDN BHD
1836,SNIPS BEAUTY SALOON
1837,SNKR HOUSE ENTERPRISE
1838,SOAPWORKS PLT
1839,SOBELLA BEAUTY SDN. BHD.
1840,SOCIETE FRANCAISE DE COSMETIQUES SDN. BHD.
1841,SOLID NATION SDN. BHD.
1842,SOLVEIL BEAUTY ENTERPRISE
1843,SOMERSET FIELDS PLT
1844,SOMETHINC MALAYSIA SDN. BHD.
1845,SOON HAIR & BEAUTY MARKETING SDN. BHD.
1846,SOONDA HOSPITALITY SUPPLY (M) SDN BHD
1847,SOORA BEAUTY VENTURES
1848,SOPHR MEDS PLT
1849,SOUL IN LOVE SDN. BHD. 
1850,SOUTHERN LION SDN. BHD
1851,SPA CEMARA
1852,SPARK HAIRCARE SOLUTION SDN. BHD.
1853,SPERO AESTHETICS PLT
1854,SPRINGWIN ENTERPRISE SDN. BHD.
1855,SREE SONIC STORE
1856,SRI NUUR WANGI TRADING
1857,SRIKANDI BEAUTY SDN BHD 
1858,SRRI EASWARI MILLS SDN BHD
1859,SS BRANDS MARKETING SDN BHD
1860,SS Rich Empire 
1861,ST Beaute (M) Sdn Bhd
1862,STAR OCEAN HEALTHCARE SDN. BHD.
1863,STAR PERFORMANCE TRADING
1864,STAR SKINCARE
1865,STAYGREEN MARKETING ENTERPRISE
1866,STELLA LIM ENTERPRISE
1867,STERLING CONNECTION SDN. BHD.
1868,STORE N GO SDN. BHD.
1869,STRATA PRO SDN. BHD.
1870,STYLEKOREAN MY SDN. BHD.
1871,SUB LABORATORY SDN. BHD.
1872,SUCCESSMORE BEING (MALAYSIA) SDN. BHD.
1873,SUFI SECRET PLT
1874,SUGAR GOLD HQ VENTURES
1875,SUGARDOLL HAIR & SKIN CARE
1876,SUISEN ZEN ENTERPRISE
1877,SUKOMI SKINCARE
1878,SUMMER FREAL ENTERPRISE
1879,SUMMER INSIGHT CONCEPT SDN BHD
1880,SUMMIT COMPANY (MALAYSIA) SENDIRIAN BERHAD
1881,SUN SIGNATURE
1882,SUNMORITY INTERTRADE
1883,SUNMORPH ENTERPRISE
1884,SUNNIVA MYTHOS SDN. BHD.
1885,SUNNY BEAUTY ENTERPRISE
1886,SUNRIDER INTERNATIONAL (MALAYSIA) SDN. BHD.
1887,SUNRISE BEAUTY TRADING
1888,SUNSHINE SUMMER (M) SDN. BHD.
1889,SUNUP HEALTHCARE SDN BHD
1890,SUPERENEUR NETWORK TRADING
1891,SUPERMIN GROUP SDN. BHD.
1892,SUPREME TRADING SDN. BHD.
1893,SUQRE SDN. BHD.
1894,SURI RATU (M) SDN. BHD.
1895,SURIA GYM GROUP SDN. BHD.
1896,SUTERA CONSULTANCY & SERVICES SDN. BHD.
1897,SVENSON HAIR CENTER SDN. BHD.
1898,SWEETCARE MY ENTERPRISE
1899,SWI COSMECEUTICALS (M) SDN. BHD. 
1900,SWISELLE INTERNATIONAL SDN. BHD.
1901,SWISS LAB BIOTECH SDN. BHD.
1902,SWISS WELLNESS COSMECEUTICALS
1903,SYEDEWA GROUP SDN. BHD.
1904,SYEN BEAUTY SDN BHD
1905,SYIMA GLOBAL ENTERPRISE
1906,SYL INNER BEAUTY
1907,SYNERRV SDN BHD
1908,SYNTHESIS AESTHETIC SDN. BHD.
1909,Sandala Enterprise
1910,Science Forte Sdn Bhd
1911,ScienceGates Sdn. Bhd.
1912,Seed Peak Enterprise
1913,Seiketsu Enterprise Sdn Bhd
1914,Sen Aesthetic Sdn Bhd
1915,Sense To Sense Sdn. Bhd.
1916,Shakura Pigmentation Beauty Sdn. Bhd.
1917,Shape Beauty Slimming Centre
1918,Shins Corporation Sdn. Bhd.
1919,Shins International Sdn Bhd
1920,Shukufuku Enterprise
1921,Sireh Emas Marketing Sdn. Bhd.
1922,Sirim Berhad
1923,Skin Infinite Sdn. Bhd.
1924,Skin Paradise Sdn Bhd
1925,Skin Wellness Sdn Bhd
1926,Skingensis Amis Venture
1927,Skinlabs Medical Sdn. Bhd.
1928,Skinphy Sdn Bhd
1929,Sophia Taha Holdings Sdn Bhd
1930,Special Enhancement Sdn Bhd
1931,Spink Confinement And Baby Care Sdn. Bhd.
1932,Spring Pharma Sdn Bhd
1933,Sprive Global PLT
1934,Star Brandasia Sdn. Bhd.
1935,Starbelle Sdn Bhd
1936,Steiger International Sdn Bhd
1937,Strange Sugar Enterprise
1938,Succezz Enterprise
1939,Sun-Yang Marketing Sdn Bhd
1940,Superb Health Care Sdn Bhd
1941,Suzana Marketing
1942,Sweetyet Development Sdn. Bhd.
1943,Syncly Trading Sdn. Bhd.
1944,T-Biomax Sdn. Bhd.
1945,T.H. ALLIANCE CONNECT SDN. BHD.
1946,T2 Global Network Sdn. Bhd.
1947,TAAZ GLOBAL RESOURCES
1948,TAENAM MALAYSIA SDN. BHD.
1949,TAG BIOTECHNOLOGY SDN. BHD.
1950,TAKARA SDN BHD
1951,TALAYPU (MALAYSIA) SDN. BHD.
1952,TC ELITE SDN BHD
1953,TCL BEAUTY TRADING (M) SDN. BHD.
1954,TDOC GLOBAL AESTHETICS SDN. BHD.
1955,TED RESOURCES SDN. BHD.
1956,TEKUN JAYA MEDIK (M) SDN. BHD
1957,TENAGA SUNNAH TRADING
1958,TGSC Resources 
1959,THE ARI GLOBAL
1960,THE BEAUTY LAB GROUP SDN. BHD. 
1961,THE BODY SHOP (MALAYSIA) SDN. BHD.
1962,THE BYUTI AESTHETICS SDN. BHD.
1963,THE CENTURY HOTELS & RESORTS SDN. BHD.
1964,THE CODE TRADING
1965,THE LUXE PRODUCTION SDN BHD
1966,THE MISTRY GROUP SDN. BHD.
1967,THE NU ME SOLUTION
1968,THE PASTELSSHOP TRADING
1969,THE SKINFACTORY GLOBAL (M) SDN.BHD.
1970,THE SUMMER LEAF SCENTS ENTERPRISE
1971,"THE ZYFAS MEDICAL CO.,"
1972,THEFJURA MARKETING 
1973,THOMAS & SHARON EMPIRE
1974,THREE LEAVES SDN. BHD.
1975,THREE W BEAUTY
1976,THRIVE TRIO (M) SDN. BHD.
1977,THYMES SELECTION SDN BHD
1978,TIAN XING CLOUD SUPPLY CHAIN (MALAYSIA) SDN. BHD.
1979,TIDY NON-WOVEN SDN. BHD.
1980,TIESH BEAUTY ENTERPRISE
1981,TIRAE HOLDINGS SDN. BHD.
1982,TK DENTAL TRADING
1983,TOHTONKU SDN. BHD.
1984,TOLLY TRADING COMPANY
1985,TONG LIAN TRADING CO.
1986,TOP WORLD BEAUTY PLT
1987,TOPMAX GLOBAL
1988,TOTA SKINCARE
1989,TOTAL BEAUTY FOR YOU SDN. BHD.
1990,TOTAL CENTURY SDN. BHD.
1991,TOTAL IMAGE REGIONAL (M) SDN. BHD.
1992,TOTALITY COSMECEUTICAL INDUSTRY SDN. BHD.
1993,TOVE BEAUTY
1994,TOYAKO SDN BHD
1995,TP Two Enterprise Sdn. Bhd.
1996,TRADRITE MARKETING (M) SDN. BHD.
1997,TREE SKIN SDN. BHD.
1998,TREND UNITY MARKETING SDN BHD
1999,TRENDZ EMPIRE SDN BHD
2000,TRI VICTORY ENTERPRISE
2001,TRIANGEL TRADING SDN. BHD.
2002,TRICHOMD SDN. BHD.
2003,TRIDENT PACIFIC SDN. BHD.
2004,TRIGGER HAPPY MELANIN SDN. BHD.
2005,TRIOMATIC VENTURES SDN. BHD.
2006,TROPICA BEAUTY SDN. BHD.
2007,TROPIKA GLOBAL BIZ
2008,TRUE CLINIC SDN.BHD.
2009,TS GLOBAL DISTRIBUTION SDN. BHD.
2010,TST HEALTH CARE SDN BHD
2011,TUAN ISMARANIZAM BINTI TUAN ISMAIL
2012,TW KAFEN SDN. BHD.
2013,TWEMS ENTERPRISE
2014,TWENTY LAB HOLDINGS SDN. BHD.
2015,TWENTYFIVE BELLE SDN BHD
2016,TWIN RICH SOLUTION
2017,TWO HERBS SDN. BHD.
2018,TYKO SDN. BHD.
2019,Tai Cheong Trading Company
2020,Taipei Tcm Medical Centre Sdn Bhd
2021,Tanamera Tropical Spa Sdn Bhd
2022,Techo Marketing Sdn. Bhd.
2023,Tempias Hawa Sdn Bhd
2024,Tempo Scan Pacific Malaysia Sdn.Bhd.
2025,Tender & Nice (m) Spa Sdn. Bhd.
2026,Thai Odyssey Sdn Bhd
2027,The Basixe Sdn. Bhd.
2028,The Byuti Sdn.Bhd
2029,The Element Sdn Bhd
2030,The Habits Skincare
2031,The Muse Innovation Sdn. Bhd.
2032,The Olive Tree Natural Skincare Sdn Bhd
2033,Top Biopharma Sdn Bhd
2034,Trademart Marketing Sdn Bhd
2035,Tranquilice Sdn Bhd
2036,Transcosmos (Malaysia) Sdn.Bhd
2037,Trendlux Sdn. Bhd
2038,Tricholab (m) Sdn Bhd
2039,Trident Pharmaceutical Sdn. Bhd.
2040,Trillions Matrix Sdn. Bhd.
2041,Triniaire Sdn. Bhd.
2042,Tropical Bioessence Sdn. Bhd.
2043,Tsy Supply Sdn Bhd
2044,Twenty Seven Facelogicv Sdn. bhd.
2045,U & ME BEAUTY SDN. BHD.
2046,U GENERATION WORLD SDN. BHD.
2047,U Gateway Sdn Bhd
2048,U SCENTS MALAYSIA SDN BHD 
2049,U. YANA BEAUTY
2050,U.E.S. NUTRIFARMER SDN. BHD.
2051,U2 INTERNATIONAL SDN. BHD.
2052,UG INTERNATIONAL SDN BHD
2053,UGIE SKIN CARE
2054,UHERB SDN. BHD.
2055,UHS ESSENTIAL HEALTH (MALAYSIA) SDN. BHD.
2056,ULTILUX SDN. BHD.
2057,ULTRA INFINITE SOLUTION SDN. BHD.
2058,ULTRA MOON SDN. BHD.
2059,UNA BRANDS MY SPV 1 SDN. BHD.
2060,UNI BEAUTY
2061,UNICE MARKETING SDN. BHD.
2062,UNIFRAGRANCE AND COMPOUNDS SDN BHD
2063,UNILEVER (M) HOLDINGS SDN. BHD.
2064,UNIMED SDN. BHD.
2065,UNION PROFIT COSMETIC MANUFACTURING SDN BHD
2066,UNIQUE AESTHETICS SDN. BHD.
2067,UNIQUE DISTRIBUTION SDN. BHD.
2068,UNIQUE VARIATIONS SDN. BHD.
2069,UNISON NUTRACEUTICALS SDN. BHD.
2070,UNITED BABIES  STUDIO SDN. BHD.
2071,UNSUR BAHAGIA SDN.  BHD.
2072,UPSCALE DISTRIBUTION SDN BHD
2073,URBAN HAIR SALON
2074,URBAN HAIRCARE SDN. BHD.
2075,Ulyaa Natural Skinfood
2076,Unico Cosmeceutical Industries
2077,Union Aesthetica Sdn Bhd
2078,Universal Joy Sdn.Bhd.
2079,Urban Essential Living PLT
2080,Utlabs Sdn Bhd
2081,V NATURAL (M) SDN BHD
2082,V ON SECRET BEAUTY CARES SDN. BHD.
2083,V. Tory Manufacturing
2084,VANCOUVER SKIN & HEALTH CARE SDN BHD
2085,VANITY COSMECEUTICAL SDN. BHD.
2086,VAST DIVERSIFIED. SDN. BHD.
2087,VEE-MAN MANUFACTURER SDN BHD
2088,VELVET VANITY COSMETICS SDN BHD
2089,VENNA BEAUTY GROUP SDN BHD
2090,VENUSYS MEDICAL SDN BHD
2091,VETA DARBY APEX SDN. BHD.
2092,VGROUP HAIR SALOON & ACADEMY SDN BHD
2093,VGROUP TRADING SDN. BHD.
2094,VIBRANT SKIN HEALTHCARE SDN. BHD.
2095,VIEDERM MARKETING SDN BHD
2096,VIENNA PACIFIC SDN. BHD.
2097,VILLE DE BEAUTE & SPA SDN BHD
2098,VINALS BIOSCIENCE (M) SDN. BHD.
2099,VISHA BEAUTY CARE
2100,VISTA LAB SDN. BHD.
2101,VITA GREENS GLOBAL ENTERPRISE
2102,VITABELLA SDN. BHD.
2103,VIYAS (M) Sdn Bhd
2104,VL NAIL SPA TRADING SDN BHD
2105,VMIW BEAUTY CENTRE
2106,VND GLOBALIZATION ENTERPRISE
2107,VNI SCIENTIFIC SDN BHD
2108,VOGUE AESTHETIC SDN. BHD.
2109,VOSE WELLNESS EMPIRE
2110,VR GOLDEN TRADING
2111,VR LIFESTYLE SDN. BHD.
2112,VS II ENTERPRISE
2113,VT NATION TRADING SDN. BHD.
2114,Verthys Sdn Bhd
2115,Verve Brands Sdn Bhd
2116,Victoria Facelift Sdn.Bhd.
2117,Victoria Global Sdn. Bhd.
2118,Vimiiya International Marketing Sdn.Bhd.
2119,Virgin Pharmaceuticals Industries (m) Sdn Bhd
2120,Vital & Living Pharmacy Sdn Bhd
2121,Vitamode  Sdn.bhd
2122,W MEDICAL SDN. BHD.
2123,WALES MARKETING SDN. BHD.
2124,WANSUE BEAUTY ENTERPRISE
2125,WARISAN HERBA BIOTECH SDN. BHD.
2126,WARM TREE ENTERPRISE
2127,WAYAL HEALTH GROUP (MALAYSIA) SDN. BHD.
2128,WAYCO MANUFACTURING (M) SDN. BHD.
2129,WAYCO TRADING (M) SDN.BHD.
2130,WEALTHY PENTAGON SDN. BHD.
2131,WEBIE SDN. BHD.
2132,WEI LIAM COSTOTECH SDN. BHD.
2133,WELLESTA TRUELIFE SDN. BHD.
2134,WELLNESS ROEN SDN. BHD.
2135,WEUNIC SDN. BHD.
2136,WEWIN
2137,WHATALIFE ENTERPRISE SDN BHD
2138,WHITEDGE MARKETING SDN. BHD.
2139,WILDFERNS MALAYSIA SDN BHD
2140,WILL WORLD SDN. BHD.
2141,WIPRO CONSUMER CARE (LDW) SDN. BHD.
2142,WIPRO MANUFACTURING SERVICES SDN. BHD.
2143,WIPRO UNZA (MALAYSIA) SDN. BHD.
2144,WIRAKATA GLOBAL SDN. BHD.
2145,WISHRAWIS SDN. BHD.
2146,WITCOLINE MANUFACTURING SDN. BHD.
2147,WK VISI BARU ENTERPRISE
2148,WLS Global Supply Sdn Bhd
2149,WM SKINCARE SDN. BHD.
2150,WMS Marketing Services Sdn. Bhd.
2151,WNA BEAUTY RESOURCES
2152,WOLECO HOTEL SUPPLIES SDN BHD
2153,WONDA WELLNESS SDN. BHD.
2154,WORLD MEX MEDIC SDN BHD
2155,WORLDWIDE  HEALTHCARE SDN.BHD
2156,WORTHEE COSMETICS ENTERPRISE
2157,WP GOODS SDN BHD
2158,WS WELLNESS SDN. BHD.
2159,WU HUAT TRADING
2160,Way In Alliance (M) Sdn. Bhd.
2161,Wellness Cosmetology Alliance Lab Sdn Bhd
2162,Wellness Pot
2163,Wholly Grene Sdn Bhd
2164,Woleco Amenities & Accessories (m) Sdn Bhd
2165,World Medicare Supplies Sdn Bhd
2166,Wulili Studio Plt
2167,Wynora Sdn Bhd
2168,X ELITE PREMIUM BEAUTY SDN. BHD.
2169,XIAO YAO TECHNOLOGY SDN. BHD.
2170,XIN YI YONG MARKETING SDN. BHD.
2171,Xiao Yuan Marketing (M) Sdn. Bhd.
2172,Xu Xiang Trading Company
2173,Y&B MALAYSIA SDN. BHD.
2174,Y.S.P. INDUSTRIES (M) SDN. BHD.
2175,YAANTRAV TRADING
2176,YANA SCARLET ENTERPRISE
2177,YANZI REALITY HOLDINGS SDN. BHD. 
2178,YAP INTERNATIONAL TRADING SDN. BHD.
2179,YASRREE (M) SDN.BHD.
2180,YAYA MARKETING ENTERPRISE
2181,YAYA NADIA EMPIRE
2182,YAYAMANTONA HQ SDN. BHD.
2183,YCR BEAUTY
2184,YENA MEDICOS ACADEMY
2185,YEOTA ENTERPRISE 
2186,YES CHIN BEAUTY
2187,YESCOM IMPORT AND EXPORT SDN. BHD.
2188,YI DAH XING FOOD FACTORY (M) SDN BHD
2189,YIH HWA ENTERPRISE
2190,YJ ESBEAUTE GROUP SDN BHD
2191,YK Cosmetic
2192,YO DE BEAUTE PLT
2193,YOUNG KIND GLOBAL SDN. BHD.
2194,YOUNG LIVING MALAYSIA SDN. BHD.
2195,YS Medicals Sdn. Bhd.
2196,YU PAN ENTERPRISE SDN. BHD.
2197,YUELA GOLD SDN. BHD.
2198,YUKIS
2199,YUSMIRA HEALTH & BEAUTY
2200,Yamni Industry
2201,Yepba (M) Sdn. Bhd.
2202,Yes Natural Trading (m) Sdn. Bhd.
2203,Ykl Multi Sdn. Bhd.
2204,ZAEMS LAB ENTERPRISE
2205,ZAFESHA NETWORK AND MARKETING SDN. BHD.
2206,ZAINEETA GLOBAL PLT
2207,ZAINS INTERNATIONAL SDN. BHD.
2208,ZAM ZAM CHEMICAL WORKS SDN. BHD.
2209,ZANTS SDN. BHD.
2210,ZAR PERMAI ENTERPRISE
2211,ZEEMOYU BEAUTY & HEALTH
2212,ZELCOS MARKETING SDN. BHD.
2213,ZENITH VENTURES SDN. BHD.
2214,ZENT CIRCLE SDN. BHD.
2215,ZERO GRAVITY ENTERPRISE
2216,ZHA  GLOBAL PREMIUM ENTERPRISE
2217,ZHULIAN MANUFACTURING SDN. BHD.
2218,ZIOR GLOBAL EMPIRE
2219,ZM HERBAL RECIPES SHOP
2220,ZOE L FASHION AND BEAUTY ACADEMY
2221,Zelcos Laboratory Sdn Bhd
2222,Zmn Makaha Enterprise
2223,bliss beauty culture
2224,iNova Pharmaceuticals (Singapore) Pte Ltd (incorporated In Singapore) Malaysia Branch
2225,iocean marketing sdn bhd
2226,jiwa enterprise
2227,kiseki japan plt
2228,palmacres sdn bhd
2229,wellabs sdn bhd 
